Id,predicted_class
1,2
2,3
3,3
4,1
5,3
6,1
7,3
8,3
9,3
10,3
11,3
12,1
13,1
14,1
15,3
16,3
17,3
18,2
19,3
20,2
21,1
22,1
23,1
24,1
25,1
26,1
27,1
28,2
29,1
30,1
31,2
32,1
33,1
34,3
35,1
36,3
37,1
38,3
39,1
40,2
41,1
42,2
43,1
44,3
45,3
46,1
47,3
48,1
49,2
50,1
51,3
52,2
53,3
54,2
55,3
56,1
57,1
58,1
59,1
60,1
61,1
62,1
63,1
64,3
65,1
66,1
67,3
68,2
69,1
70,1
71,1
72,3
73,1
74,3
75,1
76,1
77,1
78,3
79,1
80,1
81,1
82,3
83,1
84,2
85,2
86,3
87,2
88,1
89,1
90,1
91,3
92,1
93,3
94,1
95,2
96,1
97,1
98,2
99,3
100,1
101,3
102,1
103,1
104,3
105,2
106,2
107,3
108,1
109,3
110,1
111,2
112,3
113,3
114,2
115,1
116,2
117,1
118,2
119,2
120,3
121,2
122,1
123,1
124,1
125,1
126,3
127,1
128,1
129,1
130,1
131,1
132,1
133,2
134,3
135,2
136,1
137,1
138,3
139,2
140,3
141,3
142,2
143,1
144,1
145,1
146,3
147,3
148,1
149,2
150,1
151,1
152,3
153,2
154,3
155,1
156,1
157,1
158,2
159,3
160,1
161,3
162,2
163,3
164,1
165,2
166,1
167,1
168,1
169,3
170,1
171,1
172,1
173,1
174,1
175,3
176,2
177,3
178,3
179,1
180,1
181,2
182,1
183,3
184,2
185,1
186,3
187,1
188,1
189,3
190,1
191,1
192,2
193,2
194,1
195,3
196,1
197,3
198,1
199,2
200,3
201,1
202,1
203,3
204,1
205,2
206,3
207,1
208,1
209,1
210,2
211,2
212,1
213,1
214,3
215,2
216,2
217,1
218,3
219,1
220,1
221,2
222,3
223,1
224,3
225,1
226,1
227,3
228,1
229,3
230,3
231,1
232,3
233,1
234,3
235,1
236,2
237,2
238,1
239,2
240,1
241,3
242,3
243,3
244,1
245,3
246,1
247,3
248,1
249,2
250,1
251,2
252,1
253,1
254,1
255,2
256,3
257,3
258,1
259,2
260,1
261,2
262,1
263,3
264,3
265,1
266,1
267,1
268,2
269,1
270,3
271,3
272,1
273,1
274,2
275,2
276,2
277,1
278,1
279,1
280,1
281,1
282,3
283,1
284,2
285,3
286,1
287,1
288,3
289,1
290,1
291,1
292,1
293,3
294,2
295,1
296,1
297,2
298,1
299,2
300,1
301,3
302,1
303,1
304,1
305,3
306,2
307,1
308,1
309,1
310,3
311,1
312,2
313,1
314,1
315,3
316,1
317,3
318,3
319,1
320,1
321,1
322,1
323,1
324,1
325,2
326,1
327,1
328,3
329,1
330,1
331,1
332,1
333,1
334,1
335,1
336,1
337,3
338,1
339,1
340,3
341,1
342,1
343,1
344,1
345,1
346,1
347,2
348,3
349,1
350,1
351,1
352,1
353,1
354,2
355,1
356,1
357,1
358,2
359,3
360,3
361,1
362,1
363,1
364,3
365,3
366,2
367,3
368,2
369,1
370,1
371,3
372,1
373,1
374,1
375,3
376,3
377,3
378,1
379,1
380,1
381,1
382,2
383,3
384,1
385,1
386,1
387,3
388,3
389,1
390,3
391,3
392,1
393,1
394,1
395,1
396,1
397,3
398,2
399,3
400,3
401,1
402,1
403,1
404,1
405,1
406,3
407,1
408,2
409,1
410,1
411,1
412,3
413,1
414,1
415,2
416,1
417,3
418,1
419,2
420,1
421,3
422,1
423,2
424,1
425,3
426,1
427,1
428,1
429,3
430,1
431,1
432,2
433,1
434,3
435,2
436,1
437,1
438,1
439,1
440,1
441,3
442,1
443,3
444,3
445,3
446,3
447,3
448,1
449,2
450,3
451,1
452,1
453,3
454,2
455,3
456,2
457,1
458,1
459,1
460,3
461,1
462,3
463,1
464,1
465,1
466,1
467,2
468,1
469,1
470,1
471,1
472,2
473,1
474,1
475,1
476,1
477,3
478,1
479,1
480,3
481,1
482,3
483,2
484,1
485,3
486,1
487,1
488,1
489,1
490,3
491,3
492,1
493,1
494,1
495,1
496,1
497,3
498,1
499,1
500,1
501,1
502,2
503,2
504,1
505,1
506,1
507,1
508,1
509,1
510,1
511,3
512,1
513,2
514,1
515,1
516,1
517,1
518,1
519,1
520,1
521,1
522,2
523,3
524,1
525,1
526,3
527,1
528,1
529,1
530,1
531,1
532,3
533,2
534,3
535,3
536,3
537,3
538,1
539,1
540,1
541,3
542,1
543,1
544,1
545,2
546,3
547,3
548,1
549,3
550,1
551,1
552,1
553,1
554,1
555,3
556,1
557,1
558,2
559,1
560,3
561,2
562,3
563,1
564,1
565,1
566,2
567,1
568,1
569,1
570,1
571,3
572,3
573,1
574,1
575,3
576,2
577,1
578,3
579,1
580,3
581,1
582,1
583,1
584,2
585,2
586,3
587,1
588,1
589,2
590,2
591,1
592,1
593,1
594,3
595,1
596,3
597,1
598,3
599,3
600,3
601,1
602,1
603,3
604,1
605,1
606,1
607,1
608,1
609,3
610,3
611,3
612,2
613,1
614,1
615,2
616,1
617,1
618,3
619,2
620,2
621,1
622,1
623,1
624,2
625,3
626,2
627,1
628,2
629,3
630,1
631,1
632,1
633,2
634,1
635,1
636,2
637,1
638,1
639,1
640,1
641,1
642,1
643,1
644,1
645,1
646,3
647,1
648,2
649,1
650,1
651,2
652,2
653,1
654,3
655,1
656,1
657,3
658,1
659,1
660,1
661,1
662,3
663,3
664,2
665,1
666,3
667,1
668,1
669,1
670,2
671,3
672,1
673,2
674,1
675,1
676,1
677,1
678,1
679,3
680,1
681,1
682,3
683,3
684,1
685,3
686,1
687,1
688,1
689,2
690,2
691,3
692,1
693,1
694,1
695,3
696,1
697,1
698,3
699,2
700,1
701,1
702,1
703,3
704,2
705,1
706,1
707,1
708,3
709,2
710,1
711,1
712,1
713,1
714,1
715,3
716,1
717,1
718,1
719,3
720,1
721,1
722,3
723,3
724,2
725,3
726,2
727,2
728,3
729,2
730,1
731,1
732,2
733,1
734,1
735,3
736,1
737,1
738,3
739,1
740,3
741,1
742,1
743,1
744,3
745,1
746,3
747,1
748,1
749,2
750,1
751,1
752,3
753,2
754,1
755,1
756,1
757,1
758,1
759,2
760,3
761,2
762,1
763,1
764,1
765,1
766,1
767,3
768,2
769,3
770,1
771,3
772,1
773,1
774,1
775,2
776,3
777,2
778,1
779,1
780,1
781,1
782,3
783,2
784,1
785,1
786,3
787,1
788,3
789,1
790,1
791,1
792,3
793,1
794,1
795,2
796,3
797,3
798,3
799,2
800,1
801,3
802,1
803,1
804,1
805,1
806,1
807,1
808,2
809,1
810,1
811,2
812,3
813,2
814,1
815,1
816,1
817,1
818,1
819,1
820,2
821,1
822,2
823,2
824,1
825,2
826,1
827,3
828,1
829,1
830,1
831,1
832,3
833,3
834,1
835,1
836,1
837,1
838,1
839,1
840,1
841,2
842,2
843,1
844,3
845,1
846,3
847,2
848,3
849,2
850,3
851,2
852,2
853,1
854,2
855,3
856,3
857,1
858,1
859,1
860,1
861,3
862,1
863,1
864,2
865,3
866,1
867,1
868,1
869,1
870,1
871,2
872,1
873,1
874,3
875,1
876,1
877,1
878,1
879,3
880,1
881,3
882,1
883,3
884,2
885,1
886,2
887,2
888,2
889,1
890,1
891,1
892,2
893,2
894,3
895,1
896,2
897,1
898,1
899,2
900,1
901,1
902,1
903,1
904,3
905,3
906,3
907,2
908,3
909,1
910,2
911,1
912,1
913,1
914,1
915,2
916,1
917,2
918,1
919,3
920,2
921,2
922,1
923,1
924,3
925,3
926,3
927,1
928,1
929,3
930,1
931,1
932,2
933,1
934,1
935,1
936,3
937,3
938,3
939,1
940,2
941,3
942,1
943,1
944,2
945,2
946,1
947,1
948,3
949,1
950,1
951,1
952,1
953,2
954,1
955,3
956,3
957,1
958,3
959,1
960,1
961,3
962,1
963,1
964,1
965,1
966,1
967,1
968,2
969,1
970,2
971,3
972,1
973,1
974,1
975,2
976,1
977,1
978,3
979,2
980,3
981,3
982,2
983,3
984,1
985,1
986,1
987,1
988,2
989,3
990,1
991,1
992,1
993,1
994,3
995,1
996,2
997,2
998,2
999,1
1000,1
1001,2
1002,1
1003,1
1004,3
1005,1
1006,2
1007,2
1008,1
1009,1
1010,2
1011,2
1012,1
1013,1
1014,1
1015,1
1016,1
1017,2
1018,3
1019,1
1020,3
1021,1
1022,1
1023,2
1024,1
1025,3
1026,2
1027,1
1028,1
1029,2
1030,1
1031,1
1032,1
1033,2
1034,2
1035,1
1036,1
1037,3
1038,1
1039,2
1040,1
1041,1
1042,3
1043,1
1044,1
1045,1
1046,1
1047,1
1048,3
1049,1
1050,3
1051,1
1052,1
1053,3
1054,1
1055,3
1056,3
1057,1
1058,3
1059,1
1060,1
1061,2
1062,1
1063,1
1064,2
1065,1
1066,2
1067,1
1068,3
1069,2
1070,1
1071,2
1072,1
1073,1
1074,1
1075,1
1076,1
1077,1
1078,2
1079,1
1080,3
1081,1
1082,2
1083,1
1084,3
1085,1
1086,1
1087,1
1088,1
1089,1
1090,3
1091,1
1092,1
1093,1
1094,1
1095,3
1096,3
1097,1
1098,1
1099,3
1100,3
1101,3
1102,1
1103,1
1104,1
1105,2
1106,2
1107,1
1108,1
1109,3
1110,2
1111,3
1112,1
1113,2
1114,1
1115,1
1116,1
1117,1
1118,3
1119,1
1120,1
1121,1
1122,2
1123,2
1124,1
1125,3
1126,2
1127,1
1128,3
1129,3
1130,3
1131,3
1132,1
1133,3
1134,1
1135,3
1136,2
1137,1
1138,3
1139,2
1140,1
1141,1
1142,1
1143,3
1144,3
1145,1
1146,1
1147,3
1148,1
1149,2
1150,1
1151,1
1152,1
1153,1
1154,1
1155,3
1156,1
1157,1
1158,3
1159,3
1160,1
1161,1
1162,2
1163,1
1164,3
1165,1
1166,1
1167,3
1168,1
1169,1
1170,2
1171,2
1172,1
1173,1
1174,2
1175,3
1176,1
1177,1
1178,1
1179,3
1180,3
1181,1
1182,2
1183,1
1184,1
1185,3
1186,1
1187,2
1188,1
1189,1
1190,2
1191,3
1192,3
1193,3
1194,1
1195,1
1196,1
1197,2
1198,3
1199,2
1200,3
1201,1
1202,1
1203,3
1204,1
1205,2
1206,1
1207,1
1208,1
1209,1
1210,1
1211,1
1212,1
1213,1
1214,3
1215,1
1216,1
1217,1
1218,3
1219,1
1220,3
1221,1
1222,3
1223,2
1224,1
1225,1
1226,1
1227,3
1228,1
1229,3
1230,2
1231,1
1232,3
1233,1
1234,2
1235,1
1236,1
1237,3
1238,1
1239,3
1240,1
1241,1
1242,1
1243,3
1244,1
1245,1
1246,1
1247,1
1248,1
1249,1
1250,1
1251,3
1252,2
1253,2
1254,1
1255,1
1256,1
1257,3
1258,1
1259,1
1260,1
1261,1
1262,1
1263,1
1264,2
1265,3
1266,1
1267,3
1268,3
1269,3
1270,1
1271,1
1272,1
1273,3
1274,1
1275,2
1276,3
1277,2
1278,3
1279,1
1280,1
1281,3
1282,1
1283,2
1284,2
1285,1
1286,2
1287,1
1288,1
1289,1
1290,3
1291,1
1292,3
1293,3
1294,1
1295,2
1296,1
1297,3
1298,3
1299,1
1300,1
1301,3
1302,1
1303,2
1304,2
1305,1
1306,2
1307,3
1308,2
1309,2
1310,3
1311,1
1312,3
1313,2
1314,2
1315,1
1316,3
1317,1
1318,1
1319,3
1320,2
1321,1
1322,1
1323,1
1324,3
1325,1
1326,1
1327,1
1328,1
1329,1
1330,1
1331,2
1332,1
1333,3
1334,1
1335,1
1336,3
1337,1
1338,1
1339,1
1340,2
1341,3
1342,2
1343,3
1344,1
1345,3
1346,1
1347,3
1348,2
1349,2
1350,1
1351,1
1352,1
1353,2
1354,1
1355,1
1356,2
1357,3
1358,2
1359,3
1360,1
1361,1
1362,1
1363,2
1364,3
1365,1
1366,3
1367,3
1368,1
1369,1
1370,1
1371,1
1372,1
1373,3
1374,1
1375,2
1376,1
1377,1
1378,2
1379,1
1380,1
1381,3
1382,1
1383,1
1384,1
1385,1
1386,2
1387,1
1388,1
1389,1
1390,3
1391,3
1392,1
1393,2
1394,3
1395,1
1396,1
1397,1
1398,1
1399,2
1400,1
1401,3
1402,3
1403,2
1404,1
1405,1
1406,1
1407,1
1408,2
1409,1
1410,1
1411,1
1412,1
1413,1
1414,1
1415,1
1416,3
1417,1
1418,1
1419,1
1420,1
1421,1
1422,1
1423,2
1424,2
1425,3
1426,1
1427,3
1428,1
1429,2
1430,1
1431,2
1432,1
1433,3
1434,2
1435,2
1436,3
1437,1
1438,1
1439,3
1440,1
1441,1
1442,3
1443,2
1444,1
1445,2
1446,2
1447,1
1448,1
1449,2
1450,1
1451,3
1452,2
1453,3
1454,1
1455,3
1456,1
1457,1
1458,1
1459,1
1460,3
1461,2
1462,3
1463,1
1464,3
1465,3
1466,1
1467,1
1468,2
1469,3
1470,2
1471,1
1472,1
1473,1
1474,1
1475,1
1476,1
1477,1
1478,2
1479,3
1480,3
1481,2
1482,3
1483,1
1484,1
1485,2
1486,1
1487,1
1488,2
1489,1
1490,3
1491,1
1492,3
1493,2
1494,1
1495,3
1496,3
1497,1
1498,1
1499,1
1500,2
1501,1
1502,1
1503,1
1504,3
1505,2
1506,2
1507,1
1508,1
1509,1
1510,1
1511,2
1512,1
1513,1
1514,1
1515,1
1516,3
1517,1
1518,3
1519,3
1520,1
1521,1
1522,1
1523,1
1524,3
1525,1
1526,1
1527,1
1528,1
1529,3
1530,3
1531,1
1532,1
1533,1
1534,2
1535,3
1536,1
1537,2
1538,3
1539,1
1540,1
1541,1
1542,1
1543,3
1544,1
1545,1
1546,3
1547,1
1548,3
1549,1
1550,2
1551,1
1552,1
1553,1
1554,1
1555,1
1556,1
1557,3
1558,1
1559,3
1560,1
1561,2
1562,1
1563,2
1564,3
1565,1
1566,3
1567,2
1568,1
1569,1
1570,3
1571,3
1572,1
1573,1
1574,1
1575,2
1576,3
1577,3
1578,1
1579,1
1580,3
1581,2
1582,3
1583,2
1584,2
1585,1
1586,2
1587,1
1588,3
1589,2
1590,3
1591,3
1592,1
1593,1
1594,2
1595,3
1596,3
1597,1
1598,3
1599,3
1600,1
1601,1
1602,1
1603,1
1604,3
1605,3
1606,1
1607,2
1608,2
1609,1
1610,2
1611,3
1612,1
1613,2
1614,1
1615,1
1616,1
1617,1
1618,1
1619,1
1620,1
1621,2
1622,3
1623,3
1624,1
1625,1
1626,1
1627,2
1628,1
1629,2
1630,1
1631,2
1632,3
1633,3
1634,1
1635,1
1636,3
1637,2
1638,3
1639,1
1640,1
1641,1
1642,3
1643,1
1644,1
1645,3
1646,1
1647,1
1648,3
1649,3
1650,3
1651,1
1652,2
1653,3
1654,1
1655,1
1656,1
1657,1
1658,3
1659,3
1660,3
1661,2
1662,2
1663,2
1664,1
1665,1
1666,1
1667,3
1668,2
1669,2
1670,1
1671,3
1672,1
1673,1
1674,1
1675,1
1676,1
1677,1
1678,1
1679,2
1680,3
1681,2
1682,1
1683,3
1684,1
1685,3
1686,2
1687,1
1688,3
1689,3
1690,3
1691,2
1692,1
1693,3
1694,1
1695,1
1696,3
1697,3
1698,3
1699,1
1700,3
1701,1
1702,3
1703,1
1704,1
1705,1
1706,1
1707,2
1708,3
1709,3
1710,1
1711,1
1712,1
1713,1
1714,1
1715,1
1716,2
1717,3
1718,1
1719,1
1720,2
1721,3
1722,2
1723,2
1724,3
1725,3
1726,1
1727,1
1728,2
1729,1
1730,2
1731,2
1732,2
1733,3
1734,2
1735,2
1736,3
1737,3
1738,1
1739,3
1740,3
1741,1
1742,1
1743,3
1744,1
1745,1
1746,2
1747,1
1748,1
1749,3
1750,1
1751,2
1752,1
1753,1
1754,1
1755,2
1756,3
1757,3
1758,2
1759,1
1760,3
1761,1
1762,1
1763,3
1764,3
1765,3
1766,3
1767,2
1768,3
1769,2
1770,3
1771,2
1772,1
1773,1
1774,2
1775,3
1776,2
1777,2
1778,3
1779,3
1780,2
1781,1
1782,2
1783,1
1784,3
1785,1
1786,1
1787,3
1788,1
1789,1
1790,1
1791,1
1792,1
1793,3
1794,1
1795,3
1796,1
1797,1
1798,1
1799,3
1800,2
1801,2
1802,1
1803,1
1804,1
1805,2
1806,1
1807,3
1808,3
1809,3
1810,3
1811,1
1812,1
1813,3
1814,1
1815,1
1816,2
1817,1
1818,1
1819,1
1820,1
1821,1
1822,3
1823,1
1824,1
1825,1
1826,3
1827,1
1828,1
1829,1
1830,1
1831,1
1832,1
1833,3
1834,3
1835,2
1836,1
1837,2
1838,3
1839,3
1840,1
1841,1
1842,2
1843,1
1844,1
1845,1
1846,1
1847,1
1848,1
1849,1
1850,1
1851,1
1852,2
1853,1
1854,1
1855,1
1856,1
1857,3
1858,1
1859,2
1860,2
1861,1
1862,2
1863,2
1864,1
1865,1
1866,1
1867,3
1868,2
1869,3
1870,1
1871,1
1872,1
1873,1
1874,2
1875,1
1876,1
1877,1
1878,1
1879,1
1880,3
1881,1
1882,2
1883,1
1884,2
1885,3
1886,3
1887,3
1888,2
1889,3
1890,1
1891,2
1892,1
1893,1
1894,1
1895,1
1896,1
1897,2
1898,3
1899,2
1900,3
1901,1
1902,1
1903,1
1904,1
1905,3
1906,2
1907,1
1908,1
1909,2
1910,1
1911,1
1912,3
1913,1
1914,2
1915,2
1916,3
1917,1
1918,1
1919,1
1920,1
1921,3
1922,1
1923,1
1924,1
1925,3
1926,3
1927,1
1928,1
1929,1
1930,1
1931,2
1932,2
1933,1
1934,3
1935,1
1936,1
1937,2
1938,1
1939,1
1940,1
1941,1
1942,2
1943,3
1944,2
1945,2
1946,1
1947,1
1948,2
1949,2
1950,2
1951,1
1952,2
1953,1
1954,2
1955,1
1956,2
1957,1
1958,1
1959,3
1960,3
1961,3
1962,1
1963,1
1964,3
1965,1
1966,1
1967,2
1968,1
1969,1
1970,1
1971,1
1972,3
1973,1
1974,1
1975,1
1976,3
1977,1
1978,1
1979,1
1980,1
1981,1
1982,1
1983,2
1984,1
1985,1
1986,1
1987,3
1988,2
1989,2
1990,3
1991,1
1992,2
1993,1
1994,1
1995,3
1996,1
1997,2
1998,1
1999,1
2000,1
2001,1
2002,2
2003,1
2004,3
2005,1
2006,1
2007,1
2008,1
2009,1
2010,2
2011,3
2012,1
2013,3
2014,1
2015,2
2016,3
2017,1
2018,1
2019,1
2020,3
2021,1
2022,1
2023,3
2024,1
2025,2
2026,1
2027,1
2028,2
2029,2
2030,1
2031,1
2032,3
2033,1
2034,2
2035,1
2036,1
2037,1
2038,1
2039,1
2040,3
2041,1
2042,3
2043,2
2044,1
2045,3
2046,3
2047,1
2048,1
2049,3
2050,1
2051,1
2052,1
2053,2
2054,2
2055,1
2056,1
2057,1
2058,3
2059,3
2060,3
2061,3
2062,1
2063,2
2064,1
2065,1
2066,1
2067,1
2068,3
2069,2
2070,1
2071,2
2072,3
2073,1
2074,2
2075,1
2076,1
2077,1
2078,2
2079,3
2080,1
2081,3
2082,1
2083,1
2084,3
2085,1
2086,3
2087,1
2088,1
2089,3
2090,1
2091,3
2092,3
2093,1
2094,3
2095,1
2096,1
2097,1
2098,3
2099,1
2100,3
2101,1
2102,3
2103,1
2104,1
2105,1
2106,1
2107,1
2108,1
2109,1
2110,3
2111,3
2112,3
2113,2
2114,2
2115,3
2116,2
2117,3
2118,2
2119,2
2120,2
2121,3
2122,2
2123,3
2124,2
2125,3
2126,1
2127,1
2128,2
2129,1
2130,1
2131,1
2132,1
2133,1
2134,1
2135,1
2136,3
2137,3
2138,3
2139,1
2140,1
2141,2
2142,2
2143,1
2144,1
2145,1
2146,1
2147,1
2148,1
2149,1
2150,2
2151,1
2152,2
2153,1
2154,1
2155,3
2156,2
2157,1
2158,3
2159,1
2160,1
2161,1
2162,2
2163,1
2164,2
2165,3
2166,1
2167,1
2168,1
2169,3
2170,1
2171,2
2172,3
2173,2
2174,1
2175,1
2176,1
2177,2
2178,3
2179,1
2180,1
2181,1
2182,1
2183,1
2184,1
2185,1
2186,1
2187,3
2188,3
2189,1
2190,1
2191,3
2192,1
2193,1
2194,1
2195,3
2196,1
2197,3
2198,1
2199,3
2200,1
2201,2
2202,1
2203,2
2204,2
2205,3
2206,2
2207,1
2208,3
2209,3
2210,1
2211,2
2212,2
2213,2
2214,1
2215,2
2216,1
2217,1
2218,3
2219,1
2220,3
2221,1
2222,2
2223,3
2224,2
2225,2
2226,1
2227,3
2228,2
2229,2
2230,1
2231,3
2232,1
2233,1
2234,3
2235,1
2236,1
2237,1
2238,1
2239,1
2240,1
2241,1
2242,1
2243,3
2244,1
2245,1
2246,1
2247,1
2248,1
2249,2
2250,1
2251,3
2252,1
2253,2
2254,1
2255,1
2256,1
2257,1
2258,1
2259,3
2260,1
2261,2
2262,2
2263,3
2264,1
2265,1
2266,1
2267,3
2268,1
2269,1
2270,1
2271,2
2272,1
2273,2
2274,3
2275,2
2276,3
2277,3
2278,1
2279,1
2280,2
2281,1
2282,3
2283,2
2284,3
2285,1
2286,3
2287,2
2288,1
2289,1
2290,1
2291,3
2292,1
2293,3
2294,3
2295,3
2296,1
2297,1
2298,3
2299,1
2300,1
2301,3
2302,3
2303,1
2304,1
2305,1
2306,1
2307,3
2308,1
2309,1
2310,3
2311,3
2312,1
2313,1
2314,1
2315,1
2316,1
2317,3
2318,2
2319,3
2320,1
2321,1
2322,1
2323,1
2324,1
2325,1
2326,1
2327,1
2328,2
2329,1
2330,1
2331,2
2332,1
2333,1
2334,3
2335,2
2336,3
2337,3
2338,2
2339,1
2340,2
2341,1
2342,1
2343,1
2344,2
2345,2
2346,1
2347,1
2348,1
2349,1
2350,1
2351,1
2352,2
2353,1
2354,3
2355,1
2356,3
2357,1
2358,1
2359,1
2360,1
2361,2
2362,2
2363,3
2364,1
2365,3
2366,2
2367,1
2368,1
2369,1
2370,1
2371,2
2372,2
2373,1
2374,2
2375,2
2376,2
2377,1
2378,3
2379,1
2380,1
2381,1
2382,1
2383,1
2384,2
2385,1
2386,1
2387,3
2388,1
2389,1
2390,3
2391,1
2392,1
2393,1
2394,1
2395,1
2396,3
2397,1
2398,2
2399,1
2400,3
2401,3
2402,2
2403,3
2404,1
2405,3
2406,1
2407,1
2408,3
2409,3
2410,2
2411,2
2412,2
2413,1
2414,3
2415,1
2416,3
2417,1
2418,1
2419,1
2420,1
2421,2
2422,1
2423,1
2424,3
2425,1
2426,1
2427,1
2428,3
2429,3
2430,3
2431,1
2432,2
2433,3
2434,1
2435,1
2436,3
2437,1
2438,2
2439,1
2440,1
2441,2
2442,3
2443,1
2444,1
2445,1
2446,3
2447,1
2448,3
2449,1
2450,3
2451,1
2452,1
2453,1
2454,1
2455,1
2456,2
2457,2
2458,1
2459,2
2460,1
2461,1
2462,3
2463,1
2464,1
2465,1
2466,1
2467,1
2468,1
2469,1
2470,1
2471,2
2472,1
2473,1
2474,3
2475,1
2476,2
2477,1
2478,1
2479,1
2480,2
2481,1
2482,1
2483,3
2484,3
2485,1
2486,1
2487,1
2488,1
2489,3
2490,1
2491,3
2492,2
2493,3
2494,2
2495,1
2496,1
2497,2
2498,3
2499,1
2500,2
2501,1
2502,1
2503,2
2504,3
2505,1
2506,3
2507,2
2508,2
2509,1
2510,1
2511,1
2512,1
2513,2
2514,1
2515,3
2516,2
2517,1
2518,1
2519,1
2520,1
2521,1
2522,3
2523,1
2524,1
2525,1
2526,1
2527,1
2528,3
2529,2
2530,1
2531,1
2532,1
2533,1
2534,3
2535,1
2536,1
2537,1
2538,3
2539,1
2540,1
2541,2
2542,2
2543,1
2544,3
2545,1
2546,1
2547,1
2548,2
2549,1
2550,3
2551,3
2552,1
2553,1
2554,1
2555,1
2556,2
2557,1
2558,3
2559,1
2560,1
2561,1
2562,1
2563,1
2564,3
2565,3
2566,3
2567,1
2568,1
2569,1
2570,2
2571,2
2572,1
2573,2
2574,2
2575,2
2576,1
2577,1
2578,1
2579,2
2580,1
2581,1
2582,3
2583,1
2584,1
2585,1
2586,1
2587,1
2588,1
2589,1
2590,3
2591,1
2592,3
2593,1
2594,3
2595,1
2596,3
2597,1
2598,3
2599,3
2600,1
2601,2
2602,1
2603,2
2604,1
2605,1
2606,1
2607,1
2608,1
2609,2
2610,3
2611,1
2612,3
2613,1
2614,1
2615,2
2616,1
2617,3
2618,1
2619,1
2620,3
2621,3
2622,1
2623,2
2624,2
2625,3
2626,1
2627,1
2628,1
2629,1
2630,1
2631,3
2632,2
2633,3
2634,3
2635,3
2636,2
2637,3
2638,1
2639,3
2640,1
2641,1
2642,3
2643,1
2644,1
2645,1
2646,1
2647,3
2648,3
2649,3
2650,2
2651,1
2652,1
2653,3
2654,2
2655,3
2656,3
2657,3
2658,1
2659,1
2660,2
2661,1
2662,3
2663,1
2664,1
2665,3
2666,1
2667,1
2668,3
2669,1
2670,1
2671,2
2672,2
2673,1
2674,1
2675,2
2676,1
2677,1
2678,1
2679,1
2680,1
2681,2
2682,3
2683,2
2684,1
2685,1
2686,1
2687,1
2688,1
2689,3
2690,1
2691,1
2692,2
2693,1
2694,1
2695,1
2696,3
2697,1
2698,1
2699,1
2700,1
2701,1
2702,1
2703,2
2704,1
2705,1
2706,1
2707,1
2708,1
2709,1
2710,1
2711,1
2712,1
2713,1
2714,1
2715,1
2716,3
2717,2
2718,2
2719,2
2720,1
2721,1
2722,1
2723,3
2724,1
2725,3
2726,1
2727,1
2728,2
2729,1
2730,3
2731,1
2732,2
2733,3
2734,1
2735,3
2736,3
2737,3
2738,1
2739,1
2740,1
2741,1
2742,1
2743,3
2744,1
2745,3
2746,1
2747,1
2748,1
2749,1
2750,1
2751,2
2752,2
2753,3
2754,1
2755,3
2756,1
2757,1
2758,2
2759,3
2760,1
2761,3
2762,1
2763,2
2764,2
2765,1
2766,1
2767,1
2768,1
2769,3
2770,1
2771,3
2772,3
2773,1
2774,2
2775,3
2776,1
2777,3
2778,3
2779,3
2780,3
2781,2
2782,1
2783,3
2784,1
2785,1
2786,3
2787,1
2788,3
2789,1
2790,3
2791,2
2792,1
2793,1
2794,3
2795,1
2796,1
2797,3
2798,3
2799,2
2800,1
2801,1
2802,3
2803,1
2804,3
2805,1
2806,3
2807,2
2808,1
2809,1
2810,3
2811,2
2812,1
2813,3
2814,1
2815,1
2816,3
2817,2
2818,1
2819,1
2820,3
2821,3
2822,1
2823,3
2824,3
2825,1
2826,1
2827,1
2828,3
2829,1
2830,1
2831,1
2832,2
2833,1
2834,2
2835,1
2836,3
2837,3
2838,2
2839,2
2840,2
2841,3
2842,1
2843,1
2844,3
2845,3
2846,1
2847,1
2848,3
2849,1
2850,1
2851,1
2852,2
2853,2
2854,1
2855,1
2856,1
2857,2
2858,2
2859,1
2860,2
2861,2
2862,1
2863,1
2864,1
2865,1
2866,2
2867,1
2868,1
2869,2
2870,3
2871,1
2872,3
2873,1
2874,3
2875,3
2876,3
2877,1
2878,1
2879,1
2880,1
2881,3
2882,1
2883,1
2884,2
2885,3
2886,1
2887,1
2888,2
2889,2
2890,1
2891,2
2892,1
2893,3
2894,1
2895,3
2896,2
2897,2
2898,3
2899,1
2900,2
2901,2
2902,3
2903,2
2904,1
2905,2
2906,3
2907,1
2908,1
2909,3
2910,1
2911,1
2912,3
2913,3
2914,3
2915,1
2916,3
2917,3
2918,2
2919,2
2920,2
2921,2
2922,3
2923,1
2924,1
2925,3
2926,2
2927,1
2928,1
2929,3
2930,1
2931,1
2932,3
2933,2
2934,3
2935,3
2936,2
2937,1
2938,3
2939,2
2940,1
2941,3
2942,1
2943,1
2944,1
2945,3
2946,2
2947,1
2948,1
2949,1
2950,1
2951,2
2952,2
2953,1
2954,1
2955,1
2956,2
2957,3
2958,1
2959,1
2960,2
2961,1
2962,2
2963,3
2964,1
2965,1
2966,1
2967,2
2968,1
2969,1
2970,3
2971,1
2972,1
2973,1
2974,1
2975,1
2976,1
2977,2
2978,1
2979,1
2980,1
2981,3
2982,1
2983,3
2984,1
2985,1
2986,3
2987,2
2988,3
2989,2
2990,1
2991,1
2992,1
2993,3
2994,3
2995,1
2996,2
2997,1
2998,3
2999,2
3000,1
3001,3
3002,1
3003,1
3004,3
3005,3
3006,1
3007,1
3008,2
3009,2
3010,3
3011,1
3012,3
3013,1
3014,2
3015,2
3016,1
3017,3
3018,3
3019,1
3020,1
3021,1
3022,3
3023,3
3024,1
3025,3
3026,3
3027,3
3028,1
3029,3
3030,1
3031,1
3032,3
3033,1
3034,1
3035,3
3036,3
3037,1
3038,1
3039,1
3040,1
3041,1
3042,1
3043,2
3044,3
3045,1
3046,3
3047,1
3048,2
3049,2
3050,1
3051,1
3052,2
3053,1
3054,1
3055,3
3056,3
3057,1
3058,1
3059,1
3060,1
3061,2
3062,1
3063,1
3064,2
3065,1
3066,2
3067,1
3068,1
3069,1
3070,1
3071,1
3072,1
3073,1
3074,1
3075,2
3076,3
3077,3
3078,2
3079,3
3080,3
3081,1
3082,1
3083,1
3084,2
3085,2
3086,2
3087,1
3088,2
3089,1
3090,1
3091,1
3092,2
3093,1
3094,1
3095,1
3096,1
3097,2
3098,2
3099,1
3100,2
3101,1
3102,1
3103,1
3104,1
3105,2
3106,1
3107,1
3108,3
3109,1
3110,1
3111,3
3112,2
3113,3
3114,1
3115,1
3116,1
3117,3
3118,2
3119,1
3120,1
3121,1
3122,2
3123,3
3124,1
3125,1
3126,1
3127,3
3128,1
3129,1
3130,3
3131,2
3132,3
3133,3
3134,1
3135,1
3136,3
3137,1
3138,1
3139,2
3140,3
3141,2
3142,1
3143,3
3144,1
3145,1
3146,1
3147,3
3148,1
3149,1
3150,3
3151,1
3152,1
3153,3
3154,2
3155,2
3156,1
3157,3
3158,2
3159,1
3160,2
3161,1
3162,1
3163,1
3164,2
3165,3
3166,3
3167,3
3168,1
3169,1
3170,3
3171,1
3172,1
3173,3
3174,2
3175,1
3176,3
3177,2
3178,1
3179,1
3180,1
3181,1
3182,2
3183,1
3184,2
3185,3
3186,1
3187,1
3188,1
3189,1
3190,2
3191,2
3192,3
3193,3
3194,1
3195,2
3196,1
3197,1
3198,2
3199,1
3200,3
3201,3
3202,2
3203,1
3204,1
3205,1
3206,3
3207,1
3208,1
3209,3
3210,3
3211,1
3212,2
3213,3
3214,2
3215,1
3216,1
3217,1
3218,3
3219,1
3220,1
3221,1
3222,1
3223,1
3224,1
3225,3
3226,3
3227,2
3228,1
3229,3
3230,1
3231,3
3232,3
3233,1
3234,2
3235,2
3236,1
3237,1
3238,1
3239,1
3240,1
3241,2
3242,2
3243,1
3244,1
3245,1
3246,1
3247,2
3248,1
3249,1
3250,1
3251,2
3252,3
3253,1
3254,2
3255,2
3256,2
3257,3
3258,1
3259,2
3260,2
3261,2
3262,3
3263,3
3264,2
3265,3
3266,1
3267,1
3268,2
3269,3
3270,3
3271,2
3272,1
3273,1
3274,2
3275,1
3276,3
3277,3
3278,2
3279,1
3280,3
3281,1
3282,2
3283,1
3284,3
3285,1
3286,1
3287,1
3288,1
3289,1
3290,3
3291,2
3292,3
3293,2
3294,1
3295,1
3296,1
3297,1
3298,1
3299,3
3300,2
3301,1
3302,2
3303,1
3304,1
3305,1
3306,3
3307,1
3308,1
3309,3
3310,1
3311,3
3312,3
3313,2
3314,1
3315,2
3316,3
3317,1
3318,3
3319,1
3320,1
3321,1
3322,1
3323,1
3324,3
3325,1
3326,2
3327,1
3328,3
3329,3
3330,3
3331,2
3332,3
3333,3
3334,1
3335,3
3336,3
3337,3
3338,3
3339,1
3340,1
3341,2
3342,1
3343,1
3344,1
3345,3
3346,2
3347,1
3348,2
3349,1
3350,3
3351,1
3352,1
3353,3
3354,2
3355,1
3356,3
3357,1
3358,1
3359,3
3360,3
3361,1
3362,2
3363,2
3364,1
3365,1
3366,1
3367,3
3368,1
3369,3
3370,1
3371,1
3372,1
3373,2
3374,3
3375,2
3376,1
3377,1
3378,1
3379,2
3380,1
3381,1
3382,1
3383,1
3384,1
3385,1
3386,2
3387,3
3388,3
3389,1
3390,2
3391,2
3392,1
3393,2
3394,1
3395,2
3396,1
3397,2
3398,2
3399,2
3400,3
3401,2
3402,2
3403,3
3404,1
3405,1
3406,3
3407,1
3408,1
3409,2
3410,3
3411,3
3412,3
3413,1
3414,3
3415,1
3416,1
3417,1
3418,1
3419,3
3420,2
3421,1
3422,2
3423,3
3424,3
3425,2
3426,1
3427,1
3428,2
3429,1
3430,1
3431,1
3432,2
3433,2
3434,3
3435,1
3436,1
3437,3
3438,1
3439,3
3440,2
3441,3
3442,1
3443,1
3444,2
3445,1
3446,1
3447,2
3448,1
3449,2
3450,1
3451,1
3452,1
3453,1
3454,1
3455,1
3456,1
3457,1
3458,1
3459,3
3460,1
3461,2
3462,1
3463,1
3464,2
3465,1
3466,1
3467,2
3468,1
3469,3
3470,1
3471,3
3472,1
3473,2
3474,1
3475,3
3476,2
3477,1
3478,1
3479,1
3480,1
3481,3
3482,3
3483,3
3484,3
3485,3
3486,1
3487,3
3488,1
3489,1
3490,1
3491,1
3492,3
3493,1
3494,3
3495,1
3496,2
3497,3
3498,1
3499,1
3500,2
3501,1
3502,1
3503,3
3504,3
3505,1
3506,1
3507,2
3508,2
3509,1
3510,3
3511,1
3512,1
3513,1
3514,3
3515,1
3516,3
3517,2
3518,1
3519,1
3520,2
3521,1
3522,1
3523,3
3524,1
3525,1
3526,1
3527,3
3528,1
3529,1
3530,1
3531,2
3532,1
3533,2
3534,2
3535,3
3536,1
3537,1
3538,3
3539,1
3540,1
3541,1
3542,3
3543,1
3544,3
3545,1
3546,1
3547,2
3548,2
3549,1
3550,3
3551,3
3552,1
3553,1
3554,3
3555,1
3556,3
3557,2
3558,1
3559,1
3560,1
3561,1
3562,1
3563,1
3564,3
3565,1
3566,3
3567,1
3568,2
3569,2
3570,1
3571,2
3572,1
3573,3
3574,3
3575,3
3576,1
3577,1
3578,3
3579,3
3580,1
3581,1
3582,2
3583,1
3584,1
3585,3
3586,1
3587,3
3588,3
3589,3
3590,1
3591,1
3592,2
3593,1
3594,3
3595,3
3596,3
3597,1
3598,3
3599,3
3600,1
3601,1
3602,3
3603,2
3604,1
3605,1
3606,1
3607,2
3608,1
3609,1
3610,3
3611,3
3612,1
3613,3
3614,3
3615,1
3616,1
3617,2
3618,1
3619,1
3620,1
3621,1
3622,1
3623,1
3624,3
3625,1
3626,2
3627,3
3628,2
3629,3
3630,1
3631,1
3632,1
3633,3
3634,2
3635,3
3636,1
3637,1
3638,3
3639,1
3640,1
3641,2
3642,1
3643,1
3644,2
3645,1
3646,3
3647,3
3648,3
3649,2
3650,1
3651,1
3652,1
3653,1
3654,3
3655,1
3656,1
3657,2
3658,1
3659,2
3660,1
3661,1
3662,3
3663,3
3664,1
3665,2
3666,1
3667,1
3668,1
3669,3
3670,2
3671,3
3672,3
3673,1
3674,3
3675,1
3676,1
3677,1
3678,2
3679,2
3680,1
3681,3
3682,1
3683,3
3684,1
3685,1
3686,3
3687,3
3688,1
3689,2
3690,1
3691,1
3692,1
3693,1
3694,2
3695,3
3696,3
3697,1
3698,3
3699,1
3700,3
3701,1
3702,1
3703,2
3704,2
3705,3
3706,1
3707,1
3708,1
3709,1
3710,1
3711,1
3712,1
3713,1
3714,1
3715,1
3716,1
3717,2
3718,2
3719,1
3720,1
3721,3
3722,2
3723,1
3724,1
3725,1
3726,1
3727,3
3728,1
3729,1
3730,1
3731,1
3732,2
3733,1
3734,3
3735,1
3736,1
3737,1
3738,1
3739,3
3740,1
3741,3
3742,1
3743,1
3744,1
3745,1
3746,3
3747,1
3748,1
3749,1
3750,1
3751,3
3752,1
3753,3
3754,2
3755,3
3756,1
3757,1
3758,1
3759,1
3760,1
3761,1
3762,1
3763,1
3764,1
3765,2
3766,3
3767,3
3768,3
3769,3
3770,1
3771,1
3772,2
3773,2
3774,1
3775,1
3776,1
3777,1
3778,1
3779,3
3780,1
3781,1
3782,1
3783,3
3784,1
3785,1
3786,1
3787,3
3788,2
3789,1
3790,1
3791,2
3792,1
3793,1
3794,2
3795,1
3796,2
3797,1
3798,3
3799,1
3800,1
3801,1
3802,3
3803,3
3804,2
3805,1
3806,3
3807,1
3808,3
3809,1
3810,1
3811,1
3812,1
3813,3
3814,1
3815,2
3816,3
3817,1
3818,1
3819,2
3820,1
3821,1
3822,1
3823,3
3824,1
3825,3
3826,3
3827,1
3828,3
3829,3
3830,2
3831,1
3832,3
3833,1
3834,3
3835,2
3836,3
3837,3
3838,3
3839,3
3840,2
3841,3
3842,3
3843,1
3844,1
3845,3
3846,1
3847,1
3848,1
3849,1
3850,3
3851,2
3852,2
3853,1
3854,3
3855,1
3856,2
3857,3
3858,1
3859,3
3860,1
3861,1
3862,2
3863,3
3864,3
3865,2
3866,1
3867,2
3868,1
3869,2
3870,1
3871,1
3872,2
3873,3
3874,1
3875,1
3876,2
3877,1
3878,1
3879,1
3880,3
3881,1
3882,1
3883,1
3884,3
3885,3
3886,3
3887,2
3888,1
3889,2
3890,1
3891,1
3892,3
3893,2
3894,3
3895,2
3896,3
3897,1
3898,2
3899,3
3900,1
3901,1
3902,1
3903,1
3904,3
3905,1
3906,1
3907,1
3908,1
3909,1
3910,1
3911,1
3912,3
3913,2
3914,3
3915,2
3916,2
3917,3
3918,1
3919,3
3920,1
3921,1
3922,3
3923,3
3924,1
3925,1
3926,3
3927,2
3928,2
3929,1
3930,1
3931,2
3932,1
3933,2
3934,3
3935,3
3936,3
3937,1
3938,1
3939,1
3940,1
3941,2
3942,3
3943,1
3944,2
3945,1
3946,1
3947,1
3948,1
3949,1
3950,2
3951,2
3952,1
3953,1
3954,1
3955,1
3956,3
3957,1
3958,1
3959,1
3960,1
3961,3
3962,2
3963,1
3964,3
3965,2
3966,1
3967,2
3968,3
3969,1
3970,1
3971,3
3972,1
3973,1
3974,1
3975,2
3976,1
3977,3
3978,2
3979,1
3980,1
3981,2
3982,2
3983,1
3984,1
3985,1
3986,3
3987,2
3988,1
3989,1
3990,1
3991,1
3992,1
3993,1
3994,1
3995,3
3996,2
3997,1
3998,1
3999,3
4000,1
4001,1
4002,1
4003,1
4004,1
4005,3
4006,1
4007,3
4008,1
4009,1
4010,1
4011,2
4012,2
4013,1
4014,1
4015,1
4016,3
4017,3
4018,1
4019,3
4020,2
4021,1
4022,1
4023,2
4024,3
4025,1
4026,3
4027,1
4028,1
4029,1
4030,3
4031,2
4032,1
4033,1
4034,1
4035,3
4036,2
4037,1
4038,1
4039,3
4040,1
4041,1
4042,2
4043,3
4044,3
4045,3
4046,1
4047,2
4048,1
4049,1
4050,1
4051,1
4052,3
4053,1
4054,1
4055,2
4056,1
4057,1
4058,1
4059,3
4060,1
4061,3
4062,3
4063,2
4064,1
4065,2
4066,1
4067,3
4068,1
4069,1
4070,1
4071,1
4072,2
4073,1
4074,3
4075,3
4076,1
4077,2
4078,1
4079,1
4080,3
4081,1
4082,2
4083,3
4084,1
4085,1
4086,1
4087,1
4088,1
4089,1
4090,3
4091,1
4092,1
4093,1
4094,2
4095,3
4096,3
4097,1
4098,2
4099,1
4100,1
4101,3
4102,3
4103,3
4104,3
4105,1
4106,1
4107,1
4108,1
4109,3
4110,3
4111,2
4112,2
4113,1
4114,1
4115,1
4116,1
4117,1
4118,1
4119,1
4120,1
4121,3
4122,1
4123,1
4124,1
4125,3
4126,1
4127,2
4128,3
4129,1
4130,3
4131,3
4132,1
4133,3
4134,1
4135,2
4136,1
4137,1
4138,3
4139,3
4140,3
4141,3
4142,1
4143,2
4144,1
4145,2
4146,1
4147,1
4148,1
4149,1
4150,2
4151,1
4152,2
4153,3
4154,3
4155,1
4156,1
4157,3
4158,3
4159,1
4160,3
4161,1
4162,1
4163,1
4164,1
4165,1
4166,1
4167,2
4168,1
4169,1
4170,1
4171,2
4172,2
4173,3
4174,2
4175,1
4176,1
4177,1
4178,1
4179,3
4180,1
4181,1
4182,1
4183,1
4184,1
4185,1
4186,1
4187,3
4188,2
4189,3
4190,3
4191,2
4192,2
4193,3
4194,2
4195,3
4196,1
4197,1
4198,3
4199,1
4200,2
4201,1
4202,2
4203,1
4204,1
4205,3
4206,3
4207,2
4208,1
4209,1
4210,1
4211,1
4212,1
4213,1
4214,1
4215,1
4216,2
4217,1
4218,3
4219,1
4220,1
4221,1
4222,1
4223,2
4224,3
4225,2
4226,1
4227,1
4228,2
4229,3
4230,3
4231,1
4232,1
4233,1
4234,3
4235,3
4236,2
4237,1
4238,2
4239,1
4240,1
4241,1
4242,1
4243,1
4244,1
4245,2
4246,3
4247,3
4248,1
4249,2
4250,3
4251,1
4252,3
4253,3
4254,2
4255,2
4256,1
4257,2
4258,1
4259,2
4260,1
4261,2
4262,1
4263,2
4264,1
4265,3
4266,3
4267,3
4268,3
4269,3
4270,2
4271,1
4272,1
4273,3
4274,1
4275,1
4276,1
4277,3
4278,3
4279,1
4280,1
4281,1
4282,1
4283,1
4284,1
4285,1
4286,1
4287,1
4288,1
4289,2
4290,2
4291,1
4292,2
4293,3
4294,1
4295,1
4296,2
4297,1
4298,1
4299,1
4300,3
4301,1
4302,2
4303,1
4304,1
4305,1
4306,2
4307,3
4308,2
4309,1
4310,3
4311,1
4312,3
4313,1
4314,2
4315,1
4316,2
4317,1
4318,3
4319,1
4320,3
4321,1
4322,1
4323,1
4324,3
4325,1
4326,1
4327,2
4328,3
4329,3
4330,1
4331,3
4332,1
4333,1
4334,1
4335,3
4336,2
4337,1
4338,1
4339,1
4340,2
4341,1
4342,1
4343,1
4344,2
4345,1
4346,3
4347,2
4348,3
4349,1
4350,1
4351,3
4352,1
4353,1
4354,3
4355,3
4356,3
4357,1
4358,1
4359,1
4360,1
4361,3
4362,1
4363,2
4364,3
4365,1
4366,1
4367,3
4368,1
4369,2
4370,1
4371,3
4372,1
4373,2
4374,1
4375,2
4376,2
4377,3
4378,2
4379,2
4380,1
4381,2
4382,2
4383,3
4384,1
4385,3
4386,3
4387,2
4388,1
4389,1
4390,1
4391,2
4392,1
4393,3
4394,1
4395,1
4396,3
4397,2
4398,2
4399,1
4400,1
4401,1
4402,3
4403,3
4404,2
4405,1
4406,1
4407,1
4408,3
4409,2
4410,1
4411,1
4412,2
4413,3
4414,3
4415,3
4416,1
4417,1
4418,1
4419,2
4420,1
4421,3
4422,1
4423,1
4424,1
4425,1
4426,3
4427,1
4428,3
4429,1
4430,1
4431,1
4432,1
4433,2
4434,3
4435,2
4436,1
4437,1
4438,1
4439,1
4440,1
4441,3
4442,3
4443,1
4444,3
4445,3
4446,1
4447,2
4448,1
4449,1
4450,1
4451,1
4452,1
4453,1
4454,1
4455,3
4456,1
4457,1
4458,1
4459,2
4460,1
4461,1
4462,2
4463,2
4464,2
4465,1
4466,1
4467,2
4468,1
4469,3
4470,3
4471,1
4472,1
4473,1
4474,2
4475,1
4476,3
4477,2
4478,3
4479,3
4480,1
4481,1
4482,1
4483,1
4484,2
4485,1
4486,3
4487,1
4488,2
4489,1
4490,1
4491,3
4492,1
4493,3
4494,3
4495,3
4496,1
4497,1
4498,3
4499,3
4500,1
4501,2
4502,1
4503,1
4504,2
4505,1
4506,3
4507,3
4508,3
4509,2
4510,1
4511,3
4512,1
4513,3
4514,2
4515,1
4516,1
4517,1
4518,1
4519,3
4520,1
4521,1
4522,1
4523,2
4524,2
4525,3
4526,1
4527,2
4528,1
4529,2
4530,1
4531,3
4532,1
4533,3
4534,1
4535,1
4536,1
4537,3
4538,3
4539,1
4540,1
4541,1
4542,1
4543,3
4544,2
4545,1
4546,1
4547,1
4548,2
4549,1
4550,1
4551,2
4552,1
4553,1
4554,3
4555,1
4556,3
4557,2
4558,2
4559,1
4560,3
4561,2
4562,2
4563,3
4564,1
4565,2
4566,1
4567,1
4568,1
4569,1
4570,1
4571,2
4572,2
4573,1
4574,2
4575,1
4576,1
4577,1
4578,3
4579,1
4580,3
4581,1
4582,1
4583,1
4584,1
4585,3
4586,1
4587,1
4588,2
4589,2
4590,3
4591,2
4592,1
4593,1
4594,3
4595,1
4596,1
4597,1
4598,1
4599,1
4600,3
4601,3
4602,1
4603,3
4604,2
4605,2
4606,3
4607,3
4608,2
4609,1
4610,1
4611,3
4612,3
4613,1
4614,1
4615,1
4616,1
4617,1
4618,2
4619,1
4620,1
4621,2
4622,1
4623,3
4624,1
4625,1
4626,1
4627,3
4628,1
4629,3
4630,1
4631,2
4632,1
4633,3
4634,2
4635,2
4636,3
4637,3
4638,1
4639,1
4640,1
4641,2
4642,1
4643,3
4644,1
4645,3
4646,3
4647,2
4648,3
4649,2
4650,3
4651,2
4652,3
4653,1
4654,2
4655,3
4656,3
4657,3
4658,1
4659,3
4660,1
4661,2
4662,1
4663,2
4664,1
4665,1
4666,2
4667,1
4668,1
4669,3
4670,1
4671,1
4672,2
4673,1
4674,1
4675,1
4676,3
4677,1
4678,1
4679,1
4680,1
4681,3
4682,1
4683,3
4684,3
4685,1
4686,1
4687,1
4688,1
4689,1
4690,2
4691,1
4692,3
4693,1
4694,3
4695,2
4696,1
4697,1
4698,1
4699,1
4700,1
4701,3
4702,3
4703,1
4704,1
4705,3
4706,2
4707,1
4708,2
4709,1
4710,1
4711,1
4712,1
4713,1
4714,1
4715,1
4716,1
4717,1
4718,3
4719,1
4720,3
4721,3
4722,1
4723,1
4724,2
4725,1
4726,2
4727,1
4728,3
4729,3
4730,2
4731,1
4732,1
4733,1
4734,3
4735,3
4736,1
4737,3
4738,3
4739,3
4740,3
4741,3
4742,2
4743,3
4744,1
4745,1
4746,1
4747,1
4748,1
4749,1
4750,2
4751,2
4752,3
4753,1
4754,2
4755,1
4756,1
4757,1
4758,2
4759,1
4760,3
4761,1
4762,1
4763,1
4764,2
4765,2
4766,3
4767,2
4768,1
4769,1
4770,2
4771,1
4772,3
4773,1
4774,3
4775,3
4776,2
4777,1
4778,1
4779,1
4780,1
4781,1
4782,1
4783,3
4784,1
4785,3
4786,3
4787,2
4788,3
4789,3
4790,3
4791,1
4792,1
4793,3
4794,1
4795,3
4796,2
4797,1
4798,3
4799,1
4800,1
4801,3
4802,1
4803,3
4804,3
4805,1
4806,1
4807,1
4808,1
4809,1
4810,2
4811,1
4812,3
4813,1
4814,3
4815,3
4816,3
4817,2
4818,2
4819,1
4820,3
4821,3
4822,1
4823,1
4824,2
4825,3
4826,1
4827,1
4828,3
4829,1
4830,1
4831,3
4832,3
4833,1
4834,1
4835,1
4836,2
4837,1
4838,2
4839,1
4840,2
4841,2
4842,1
4843,1
4844,1
4845,1
4846,3
4847,3
4848,1
4849,1
4850,3
4851,2
4852,3
4853,3
4854,1
4855,1
4856,1
4857,1
4858,1
4859,3
4860,2
4861,1
4862,3
4863,1
4864,1
4865,3
4866,3
4867,1
4868,1
4869,1
4870,1
4871,1
4872,2
4873,2
4874,1
4875,3
4876,1
4877,1
4878,3
4879,2
4880,1
4881,1
4882,2
4883,3
4884,2
4885,1
4886,2
4887,1
4888,1
4889,2
4890,1
4891,2
4892,3
4893,1
4894,3
4895,1
4896,1
4897,3
4898,1
4899,1
4900,3
4901,2
4902,1
4903,1
4904,1
4905,3
4906,2
4907,3
4908,1
4909,3
4910,3
4911,3
4912,3
4913,1
4914,1
4915,1
4916,3
4917,3
4918,3
4919,1
4920,1
4921,1
4922,1
4923,3
4924,1
4925,3
4926,2
4927,1
4928,3
4929,2
4930,3
4931,1
4932,2
4933,1
4934,3
4935,1
4936,1
4937,3
4938,1
4939,1
4940,1
4941,2
4942,1
4943,1
4944,1
4945,1
4946,3
4947,1
4948,3
4949,1
4950,2
4951,1
4952,1
4953,2
4954,1
4955,1
4956,1
4957,1
4958,1
4959,1
4960,1
4961,3
4962,2
4963,1
4964,1
4965,1
4966,1
4967,2
4968,2
4969,1
4970,3
4971,1
4972,1
4973,1
4974,1
4975,3
4976,3
4977,2
4978,1
4979,1
4980,3
4981,3
4982,3
4983,1
4984,1
4985,1
4986,2
4987,2
4988,2
4989,1
4990,1
4991,1
4992,1
4993,1
4994,3
4995,1
4996,2
4997,1
4998,3
4999,3
5000,2
5001,1
5002,3
5003,1
5004,1
5005,3
5006,1
5007,1
5008,3
5009,1
5010,1
5011,1
5012,1
5013,3
5014,1
5015,1
5016,3
5017,2
5018,3
5019,2
5020,1
5021,1
5022,3
5023,1
5024,3
5025,1
5026,3
5027,1
5028,1
5029,2
5030,1
5031,3
5032,2
5033,3
5034,1
5035,1
5036,2
5037,1
5038,2
5039,1
5040,3
5041,3
5042,1
5043,1
5044,2
5045,3
5046,3
5047,1
5048,1
5049,3
5050,3
5051,1
5052,1
5053,3
5054,1
5055,1
5056,1
5057,1
5058,2
5059,2
5060,3
5061,1
5062,3
5063,2
5064,1
5065,1
5066,2
5067,2
5068,3
5069,2
5070,3
5071,1
5072,1
5073,1
5074,1
5075,1
5076,1
5077,1
5078,1
5079,2
5080,1
5081,3
5082,1
5083,1
5084,2
5085,1
5086,2
5087,3
5088,3
5089,1
5090,3
5091,1
5092,1
5093,1
5094,1
5095,3
5096,1
5097,2
5098,1
5099,1
5100,1
5101,1
5102,3
5103,1
5104,2
5105,1
5106,2
5107,1
5108,1
5109,3
5110,3
5111,1
5112,1
5113,2
5114,3
5115,2
5116,3
5117,1
5118,1
5119,1
5120,1
5121,1
5122,1
5123,3
5124,2
5125,2
5126,1
5127,3
5128,3
5129,1
5130,1
5131,3
5132,2
5133,1
5134,1
5135,3
5136,1
5137,2
5138,1
5139,1
5140,1
5141,1
5142,1
5143,3
5144,1
5145,1
5146,1
5147,2
5148,1
5149,1
5150,3
5151,1
5152,1
5153,2
5154,3
5155,1
5156,3
5157,1
5158,1
5159,3
5160,2
5161,1
5162,2
5163,3
5164,1
5165,3
5166,2
5167,1
5168,3
5169,1
5170,3
5171,3
5172,3
5173,3
5174,1
5175,2
5176,1
5177,1
5178,1
5179,3
5180,3
5181,1
5182,2
5183,3
5184,3
5185,3
5186,1
5187,3
5188,2
5189,1
5190,2
5191,3
5192,1
5193,1
5194,1
5195,1
5196,3
5197,2
5198,2
5199,1
5200,1
5201,1
5202,1
5203,1
5204,1
5205,1
5206,1
5207,1
5208,1
5209,1
5210,3
5211,2
5212,2
5213,1
5214,2
5215,3
5216,3
5217,2
5218,1
5219,2
5220,1
5221,2
5222,1
5223,3
5224,3
5225,3
5226,1
5227,3
5228,1
5229,1
5230,3
5231,2
5232,1
5233,2
5234,3
5235,3
5236,2
5237,2
5238,1
5239,1
5240,3
5241,3
5242,1
5243,1
5244,3
5245,1
5246,1
5247,1
5248,1
5249,1
5250,1
5251,1
5252,1
5253,1
5254,1
5255,1
5256,1
5257,1
5258,3
5259,3
5260,2
5261,3
5262,1
5263,3
5264,1
5265,1
5266,1
5267,2
5268,1
5269,1
5270,1
5271,3
5272,2
5273,3
5274,2
5275,1
5276,2
5277,1
5278,1
5279,3
5280,2
5281,1
5282,3
5283,3
5284,1
5285,3
5286,1
5287,3
5288,1
5289,1
5290,3
5291,1
5292,1
5293,1
5294,1
5295,3
5296,1
5297,3
5298,2
5299,1
5300,3
5301,1
5302,1
5303,1
5304,3
5305,1
5306,3
5307,2
5308,1
5309,1
5310,2
5311,1
5312,3
5313,1
5314,1
5315,1
5316,1
5317,1
5318,3
5319,2
5320,2
5321,1
5322,1
5323,3
5324,1
5325,3
5326,1
5327,1
5328,1
5329,1
5330,1
5331,3
5332,3
5333,2
5334,1
5335,1
5336,1
5337,1
5338,3
5339,2
5340,3
5341,3
5342,2
5343,1
5344,2
5345,1
5346,3
5347,2
5348,2
5349,3
5350,1
5351,1
5352,1
5353,1
5354,1
5355,3
5356,3
5357,3
5358,1
5359,3
5360,1
5361,3
5362,1
5363,1
5364,1
5365,2
5366,3
5367,1
5368,2
5369,1
5370,1
5371,1
5372,1
5373,1
5374,1
5375,1
5376,2
5377,3
5378,2
5379,3
5380,3
5381,1
5382,1
5383,3
5384,1
5385,3
5386,1
5387,2
5388,2
5389,1
5390,3
5391,3
5392,3
5393,1
5394,1
5395,3
5396,1
5397,3
5398,2
5399,1
5400,2
5401,1
5402,1
5403,1
5404,1
5405,1
5406,1
5407,2
5408,1
5409,1
5410,3
5411,3
5412,1
5413,2
5414,1
5415,1
5416,1
5417,1
5418,3
5419,1
5420,1
5421,1
5422,3
5423,2
5424,2
5425,1
5426,1
5427,1
5428,2
5429,2
5430,2
5431,1
5432,3
5433,1
5434,1
5435,3
5436,3
5437,2
5438,2
5439,3
5440,1
5441,1
5442,3
5443,1
5444,2
5445,1
5446,2
5447,3
5448,1
5449,1
5450,3
5451,2
5452,1
5453,3
5454,1
5455,1
5456,3
5457,1
5458,2
5459,2
5460,3
5461,1
5462,1
5463,1
5464,1
5465,1
5466,1
5467,3
5468,2
5469,3
5470,2
5471,1
5472,3
5473,3
5474,1
5475,3
5476,1
5477,2
5478,3
5479,3
5480,1
5481,1
5482,3
5483,3
5484,1
5485,2
5486,1
5487,2
5488,1
5489,2
5490,3
5491,1
5492,2
5493,1
5494,3
5495,1
5496,3
5497,3
5498,1
5499,1
5500,1
5501,1
5502,2
5503,1
5504,3
5505,1
5506,1
5507,1
5508,2
5509,1
5510,1
5511,1
5512,2
5513,3
5514,3
5515,1
5516,1
5517,3
5518,2
5519,3
5520,3
5521,3
5522,1
5523,1
5524,1
5525,2
5526,2
5527,1
5528,1
5529,1
5530,1
5531,1
5532,2
5533,1
5534,1
5535,3
5536,2
5537,1
5538,3
5539,1
5540,2
5541,1
5542,1
5543,2
5544,1
5545,1
5546,1
5547,1
5548,3
5549,3
5550,3
5551,1
5552,1
5553,3
5554,1
5555,2
5556,3
5557,1
5558,3
5559,2
5560,1
5561,1
5562,1
5563,1
5564,2
5565,3
5566,1
5567,1
5568,3
5569,1
5570,1
5571,1
5572,1
5573,1
5574,1
5575,3
5576,1
5577,1
5578,3
5579,1
5580,1
5581,3
5582,1
5583,1
5584,1
5585,1
5586,3
5587,2
5588,2
5589,2
5590,1
5591,3
5592,1
5593,1
5594,1
5595,3
5596,3
5597,3
5598,1
5599,1
5600,2
5601,1
5602,3
5603,2
5604,2
5605,1
5606,2
5607,2
5608,3
5609,2
5610,1
5611,1
5612,3
5613,2
5614,3
5615,1
5616,1
5617,1
5618,3
5619,3
5620,1
5621,1
5622,1
5623,1
5624,1
5625,1
5626,3
5627,3
5628,1
5629,3
5630,1
5631,1
5632,1
5633,1
5634,2
5635,1
5636,2
5637,1
5638,1
5639,1
5640,1
5641,3
5642,1
5643,2
5644,3
5645,1
5646,2
5647,3
5648,2
5649,1
5650,1
5651,3
5652,1
5653,2
5654,2
5655,1
5656,3
5657,1
5658,3
5659,1
5660,1
5661,1
5662,2
5663,1
5664,1
5665,1
5666,1
5667,3
5668,1
5669,1
5670,3
5671,1
5672,1
5673,1
5674,1
5675,2
5676,2
5677,1
5678,1
5679,3
5680,1
5681,1
5682,1
5683,1
5684,1
5685,1
5686,1
5687,1
5688,3
5689,1
5690,1
5691,1
5692,1
5693,2
5694,1
5695,1
5696,3
5697,2
5698,1
5699,1
5700,1
5701,3
5702,2
5703,2
5704,1
5705,2
5706,2
5707,3
5708,2
5709,2
5710,3
5711,2
5712,1
5713,2
5714,1
5715,1
5716,1
5717,1
5718,1
5719,1
5720,1
5721,1
5722,2
5723,1
5724,3
5725,1
5726,1
5727,3
5728,3
5729,3
5730,2
5731,2
5732,2
5733,3
5734,2
5735,1
5736,3
5737,3
5738,1
5739,1
5740,2
5741,3
5742,3
5743,3
5744,1
5745,2
5746,2
5747,3
5748,1
5749,1
5750,1
5751,2
5752,1
5753,1
5754,2
5755,3
5756,1
5757,2
5758,1
5759,1
5760,1
5761,3
5762,1
5763,1
5764,3
5765,2
5766,3
5767,1
5768,1
5769,1
5770,1
5771,1
5772,1
5773,1
5774,3
5775,1
5776,1
5777,3
5778,1
5779,2
5780,3
5781,1
5782,3
5783,1
5784,3
5785,1
5786,1
5787,3
5788,3
5789,1
5790,1
5791,1
5792,1
5793,1
5794,3
5795,3
5796,1
5797,3
5798,1
5799,1
5800,3
5801,1
5802,2
5803,1
5804,1
5805,1
5806,2
5807,1
5808,1
5809,2
5810,1
5811,3
5812,2
5813,1
5814,3
5815,3
5816,3
5817,3
5818,1
5819,3
5820,1
5821,2
5822,1
5823,3
5824,2
5825,2
5826,1
5827,1
5828,1
5829,2
5830,1
5831,3
5832,3
5833,1
5834,1
5835,1
5836,2
5837,1
5838,1
5839,2
5840,1
5841,3
5842,3
5843,1
5844,3
5845,3
5846,1
5847,1
5848,2
5849,1
5850,2
5851,1
5852,1
5853,2
5854,1
5855,1
5856,2
5857,1
5858,1
5859,1
5860,1
5861,3
5862,2
5863,2
5864,1
5865,3
5866,1
5867,1
5868,1
5869,1
5870,1
5871,3
5872,3
5873,2
5874,3
5875,1
5876,2
5877,3
5878,1
5879,3
5880,3
5881,1
5882,2
5883,2
5884,1
5885,1
5886,2
5887,3
5888,1
5889,1
5890,1
5891,1
5892,3
5893,3
5894,1
5895,1
5896,3
5897,1
5898,3
5899,1
5900,2
5901,2
5902,1
5903,1
5904,1
5905,1
5906,1
5907,3
5908,2
5909,3
5910,2
5911,1
5912,1
5913,1
5914,1
5915,3
5916,1
5917,1
5918,1
5919,1
5920,1
5921,1
5922,1
5923,1
5924,1
5925,3
5926,1
5927,1
5928,1
5929,2
5930,1
5931,1
5932,1
5933,2
5934,1
5935,3
5936,1
5937,1
5938,2
5939,1
5940,1
5941,2
5942,1
5943,3
5944,3
5945,3
5946,1
5947,2
5948,3
5949,1
5950,3
5951,1
5952,1
5953,2
5954,3
5955,2
5956,1
5957,1
5958,2
5959,1
5960,2
5961,1
5962,1
5963,3
5964,2
5965,1
5966,1
5967,3
5968,3
5969,2
5970,3
5971,3
5972,1
5973,1
5974,2
5975,1
5976,3
5977,1
5978,1
5979,2
5980,3
5981,1
5982,1
5983,1
5984,1
5985,1
5986,2
5987,3
5988,1
5989,3
5990,3
5991,1
5992,2
5993,3
5994,3
5995,3
5996,1
5997,3
5998,3
5999,1
6000,1
6001,3
6002,1
6003,3
6004,1
6005,1
6006,2
6007,1
6008,3
6009,3
6010,3
6011,1
6012,3
6013,1
6014,1
6015,1
6016,1
6017,3
6018,2
6019,1
6020,2
6021,1
6022,1
6023,3
6024,1
6025,1
6026,1
6027,3
6028,1
6029,1
6030,1
6031,3
6032,1
6033,3
6034,1
6035,3
6036,3
6037,2
6038,1
6039,3
6040,2
6041,3
6042,1
6043,1
6044,1
6045,2
6046,3
6047,1
6048,2
6049,3
6050,1
6051,3
6052,1
6053,1
6054,1
6055,1
6056,1
6057,1
6058,1
6059,1
6060,1
6061,2
6062,1
6063,1
6064,1
6065,3
6066,3
6067,1
6068,3
6069,2
6070,1
6071,2
6072,1
6073,1
6074,1
6075,3
6076,1
6077,1
6078,1
6079,3
6080,1
6081,1
6082,2
6083,2
6084,3
6085,3
6086,2
6087,1
6088,1
6089,3
6090,3
6091,1
6092,2
6093,2
6094,3
6095,1
6096,1
6097,1
6098,3
6099,3
6100,1
6101,3
6102,3
6103,2
6104,1
6105,3
6106,2
6107,3
6108,1
6109,2
6110,2
6111,1
6112,3
6113,2
6114,3
6115,1
6116,1
6117,1
6118,1
6119,1
6120,3
6121,1
6122,1
6123,3
6124,1
6125,2
6126,1
6127,1
6128,1
6129,2
6130,2
6131,2
6132,2
6133,1
6134,1
6135,1
6136,2
6137,1
6138,1
6139,1
6140,3
6141,3
6142,2
6143,3
6144,3
6145,3
6146,3
6147,1
6148,3
6149,1
6150,1
6151,1
6152,3
6153,3
6154,2
6155,2
6156,3
6157,1
6158,3
6159,1
6160,1
6161,1
6162,2
6163,1
6164,3
6165,3
6166,3
6167,1
6168,3
6169,1
6170,1
6171,1
6172,1
6173,2
6174,1
6175,2
6176,1
6177,1
6178,1
6179,1
6180,1
6181,1
6182,1
6183,1
6184,3
6185,1
6186,2
6187,1
6188,3
6189,1
6190,2
6191,1
6192,1
6193,1
6194,1
6195,3
6196,1
6197,2
6198,1
6199,2
6200,3
6201,1
6202,3
6203,1
6204,2
6205,1
6206,1
6207,1
6208,1
6209,1
6210,1
6211,1
6212,2
6213,1
6214,3
6215,1
6216,2
6217,1
6218,1
6219,2
6220,1
6221,3
6222,1
6223,1
6224,1
6225,1
6226,1
6227,1
6228,1
6229,1
6230,3
6231,3
6232,1
6233,1
6234,3
6235,1
6236,1
6237,1
6238,1
6239,2
6240,3
6241,3
6242,1
6243,2
6244,1
6245,1
6246,1
6247,1
6248,1
6249,1
6250,3
6251,1
6252,1
6253,3
6254,1
6255,1
6256,3
6257,1
6258,2
6259,3
6260,3
6261,3
6262,1
6263,1
6264,3
6265,3
6266,3
6267,3
6268,1
6269,3
6270,1
6271,1
6272,2
6273,1
6274,1
6275,1
6276,3
6277,1
6278,1
6279,3
6280,1
6281,1
6282,1
6283,3
6284,3
6285,3
6286,1
6287,1
6288,1
6289,1
6290,1
6291,3
6292,2
6293,3
6294,2
6295,3
6296,2
6297,3
6298,1
6299,3
6300,1
6301,2
6302,2
6303,3
6304,1
6305,3
6306,1
6307,1
6308,3
6309,2
6310,3
6311,1
6312,1
6313,2
6314,2
6315,2
6316,2
6317,3
6318,3
6319,1
6320,3
6321,1
6322,2
6323,1
6324,2
6325,2
6326,3
6327,1
6328,1
6329,3
6330,1
6331,2
6332,2
6333,1
6334,1
6335,3
6336,1
6337,3
6338,1
6339,2
6340,1
6341,1
6342,1
6343,1
6344,3
6345,1
6346,1
6347,1
6348,1
6349,1
6350,1
6351,3
6352,3
6353,3
6354,2
6355,1
6356,3
6357,1
6358,1
6359,2
6360,1
6361,1
6362,1
6363,3
6364,1
6365,2
6366,1
6367,2
6368,1
6369,1
6370,1
6371,3
6372,3
6373,1
6374,1
6375,3
6376,1
6377,1
6378,3
6379,1
6380,1
6381,3
6382,1
6383,1
6384,1
6385,1
6386,3
6387,1
6388,1
6389,1
6390,1
6391,1
6392,1
6393,3
6394,3
6395,3
6396,1
6397,1
6398,1
6399,3
6400,3
6401,3
6402,1
6403,2
6404,2
6405,3
6406,1
6407,3
6408,1
6409,1
6410,1
6411,1
6412,1
6413,1
6414,3
6415,1
6416,1
6417,3
6418,2
6419,3
6420,1
6421,1
6422,1
6423,1
6424,3
6425,1
6426,1
6427,2
6428,1
6429,1
6430,3
6431,1
6432,1
6433,2
6434,2
6435,2
6436,1
6437,2
6438,1
6439,3
6440,1
6441,1
6442,3
6443,2
6444,1
6445,1
6446,2
6447,1
6448,1
6449,2
6450,1
6451,1
6452,1
6453,1
6454,1
6455,2
6456,3
6457,1
6458,1
6459,3
6460,1
6461,1
6462,2
6463,1
6464,3
6465,1
6466,1
6467,3
6468,1
6469,1
6470,3
6471,1
6472,2
6473,1
6474,1
6475,1
6476,1
6477,1
6478,2
6479,2
6480,1
6481,1
6482,2
6483,1
6484,2
6485,1
6486,2
6487,3
6488,3
6489,2
6490,1
6491,1
6492,2
6493,1
6494,1
6495,1
6496,1
6497,1
6498,1
6499,1
6500,2
6501,1
6502,3
6503,1
6504,1
6505,1
6506,1
6507,3
6508,1
6509,1
6510,1
6511,2
6512,1
6513,3
6514,1
6515,3
6516,1
6517,3
6518,3
6519,1
6520,3
6521,1
6522,1
6523,1
6524,1
6525,1
6526,1
6527,2
6528,1
6529,1
6530,2
6531,1
6532,1
6533,2
6534,1
6535,2
6536,2
6537,1
6538,2
6539,3
6540,1
6541,3
6542,1
6543,1
6544,1
6545,1
6546,1
6547,3
6548,2
6549,1
6550,1
6551,1
6552,2
6553,1
6554,1
6555,1
6556,2
6557,3
6558,2
6559,3
6560,1
6561,1
6562,1
6563,1
6564,1
6565,2
6566,3
6567,2
6568,2
6569,1
6570,2
6571,2
6572,1
6573,1
6574,1
6575,1
6576,3
6577,1
6578,2
6579,3
6580,1
6581,2
6582,1
6583,3
6584,2
6585,3
6586,1
6587,3
6588,3
6589,1
6590,1
6591,3
6592,3
6593,3
6594,1
6595,1
6596,1
6597,3
6598,3
6599,1
6600,1
6601,3
6602,1
6603,3
6604,3
6605,2
6606,1
6607,1
6608,1
6609,2
6610,2
6611,1
6612,1
6613,2
6614,1
6615,1
6616,2
6617,1
6618,1
6619,1
6620,3
6621,2
6622,1
6623,3
6624,2
6625,3
6626,1
6627,1
6628,1
6629,3
6630,1
6631,2
6632,1
6633,1
6634,1
6635,3
6636,1
6637,3
6638,1
6639,3
6640,2
6641,1
6642,3
6643,1
6644,1
6645,3
6646,3
6647,1
6648,3
6649,3
6650,1
6651,1
6652,3
6653,2
6654,1
6655,3
6656,1
6657,2
6658,2
6659,1
6660,1
6661,1
6662,1
6663,2
6664,2
6665,3
6666,1
6667,1
6668,2
6669,1
6670,1
6671,1
6672,3
6673,1
6674,1
6675,1
6676,3
6677,1
6678,3
6679,1
6680,1
6681,3
6682,3
6683,2
6684,1
6685,1
6686,3
6687,1
6688,2
6689,3
6690,2
6691,2
6692,1
6693,1
6694,1
6695,2
6696,1
6697,1
6698,3
6699,1
6700,1
6701,3
6702,1
6703,3
6704,1
6705,2
6706,1
6707,1
6708,1
6709,1
6710,1
6711,1
6712,1
6713,2
6714,3
6715,3
6716,1
6717,1
6718,1
6719,3
6720,1
6721,2
6722,1
6723,1
6724,1
6725,1
6726,1
6727,3
6728,3
6729,1
6730,3
6731,2
6732,1
6733,1
6734,1
6735,1
6736,1
6737,3
6738,3
6739,2
6740,1
6741,1
6742,2
6743,1
6744,3
6745,1
6746,1
6747,1
6748,1
6749,1
6750,1
6751,1
6752,1
6753,1
6754,1
6755,1
6756,1
6757,3
6758,1
6759,1
6760,1
6761,2
6762,3
6763,3
6764,1
6765,1
6766,1
6767,1
6768,1
6769,2
6770,3
6771,1
6772,3
6773,1
6774,1
6775,3
6776,2
6777,1
6778,3
6779,1
6780,1
6781,3
6782,1
6783,1
6784,2
6785,3
6786,3
6787,1
6788,1
6789,2
6790,1
6791,1
6792,2
6793,1
6794,1
6795,1
6796,1
6797,3
6798,3
6799,2
6800,1
6801,1
6802,1
6803,3
6804,1
6805,2
6806,1
6807,1
6808,1
6809,1
6810,3
6811,1
6812,1
6813,1
6814,1
6815,1
6816,1
6817,3
6818,1
6819,1
6820,1
6821,1
6822,1
6823,1
6824,2
6825,2
6826,1
6827,1
6828,2
6829,2
6830,1
6831,1
6832,2
6833,3
6834,1
6835,3
6836,1
6837,1
6838,3
6839,1
6840,2
6841,3
6842,1
6843,3
6844,3
6845,3
6846,1
6847,2
6848,2
6849,1
6850,1
6851,1
6852,1
6853,3
6854,1
6855,2
6856,3
6857,3
6858,2
6859,1
6860,2
6861,1
6862,3
6863,2
6864,1
6865,1
6866,1
6867,2
6868,3
6869,1
6870,1
6871,1
6872,1
6873,3
6874,1
6875,2
6876,2
6877,1
6878,2
6879,1
6880,2
6881,2
6882,2
6883,1
6884,1
6885,1
6886,1
6887,1
6888,1
6889,1
6890,1
6891,3
6892,3
6893,1
6894,3
6895,2
6896,3
6897,1
6898,1
6899,2
6900,1
6901,1
6902,3
6903,1
6904,1
6905,1
6906,1
6907,1
6908,2
6909,2
6910,3
6911,1
6912,1
6913,1
6914,2
6915,2
6916,3
6917,1
6918,2
6919,2
6920,1
6921,1
6922,3
6923,3
6924,1
6925,1
6926,1
6927,2
6928,2
6929,1
6930,2
6931,1
6932,2
6933,1
6934,1
6935,1
6936,1
6937,1
6938,1
6939,1
6940,2
6941,3
6942,1
6943,3
6944,3
6945,1
6946,1
6947,2
6948,1
6949,3
6950,1
6951,3
6952,3
6953,3
6954,3
6955,1
6956,1
6957,1
6958,3
6959,3
6960,2
6961,2
6962,2
6963,1
6964,2
6965,1
6966,1
6967,2
6968,2
6969,1
6970,1
6971,1
6972,3
6973,1
6974,3
6975,1
6976,1
6977,1
6978,3
6979,1
6980,1
6981,3
6982,2
6983,1
6984,1
6985,1
6986,1
6987,3
6988,1
6989,1
6990,3
6991,1
6992,1
6993,1
6994,2
6995,3
6996,3
6997,1
6998,3
6999,1
7000,2
7001,1
7002,2
7003,2
7004,2
7005,1
7006,1
7007,2
7008,1
7009,1
7010,1
7011,1
7012,3
7013,1
7014,3
7015,2
7016,3
7017,3
7018,1
7019,1
7020,2
7021,1
7022,3
7023,1
7024,1
7025,1
7026,1
7027,1
7028,1
7029,2
7030,3
7031,2
7032,1
7033,1
7034,1
7035,3
7036,1
7037,2
7038,2
7039,2
7040,1
7041,1
7042,1
7043,1
7044,1
7045,2
7046,1
7047,1
7048,3
7049,2
7050,2
7051,1
7052,1
7053,1
7054,1
7055,1
7056,1
7057,3
7058,1
7059,3
7060,1
7061,1
7062,1
7063,3
7064,1
7065,2
7066,1
7067,2
7068,3
7069,3
7070,1
7071,1
7072,1
7073,1
7074,1
7075,1
7076,1
7077,3
7078,1
7079,3
7080,1
7081,1
7082,1
7083,1
7084,1
7085,2
7086,2
7087,1
7088,2
7089,1
7090,2
7091,1
7092,1
7093,1
7094,3
7095,3
7096,1
7097,3
7098,2
7099,1
7100,2
7101,2
7102,3
7103,1
7104,2
7105,1
7106,1
7107,3
7108,1
7109,1
7110,1
7111,1
7112,3
7113,1
7114,3
7115,3
7116,2
7117,3
7118,1
7119,2
7120,1
7121,1
7122,2
7123,1
7124,1
7125,2
7126,1
7127,2
7128,3
7129,1
7130,3
7131,1
7132,1
7133,1
7134,2
7135,1
7136,1
7137,1
7138,1
7139,1
7140,1
7141,3
7142,2
7143,1
7144,2
7145,1
7146,1
7147,3
7148,1
7149,3
7150,1
7151,1
7152,1
7153,3
7154,1
7155,1
7156,3
7157,2
7158,3
7159,1
7160,1
7161,1
7162,1
7163,3
7164,1
7165,1
7166,3
7167,3
7168,3
7169,3
7170,1
7171,3
7172,1
7173,2
7174,1
7175,3
7176,1
7177,3
7178,3
7179,2
7180,3
7181,1
7182,2
7183,3
7184,2
7185,3
7186,3
7187,1
7188,1
7189,3
7190,1
7191,2
7192,1
7193,3
7194,2
7195,2
7196,3
7197,1
7198,3
7199,1
7200,3
7201,2
7202,2
7203,1
7204,1
7205,1
7206,1
7207,1
7208,1
7209,2
7210,2
7211,2
7212,1
7213,1
7214,1
7215,3
7216,1
7217,3
7218,3
7219,1
7220,3
7221,1
7222,2
7223,1
7224,1
7225,3
7226,2
7227,1
7228,1
7229,1
7230,1
7231,2
7232,1
7233,2
7234,1
7235,3
7236,3
7237,1
7238,1
7239,2
7240,1
7241,1
7242,3
7243,1
7244,3
7245,2
7246,3
7247,1
7248,1
7249,2
7250,1
7251,2
7252,3
7253,3
7254,3
7255,1
7256,1
7257,2
7258,1
7259,3
7260,3
7261,1
7262,1
7263,2
7264,1
7265,2
7266,1
7267,3
7268,1
7269,1
7270,3
7271,1
7272,1
7273,3
7274,3
7275,3
7276,2
7277,3
7278,1
7279,1
7280,1
7281,1
7282,2
7283,3
7284,1
7285,3
7286,2
7287,1
7288,3
7289,3
7290,2
7291,1
7292,3
7293,1
7294,1
7295,3
7296,2
7297,2
7298,1
7299,3
7300,2
7301,3
7302,3
7303,1
7304,3
7305,1
7306,1
7307,1
7308,2
7309,3
7310,3
7311,1
7312,3
7313,3
7314,1
7315,1
7316,3
7317,1
7318,1
7319,1
7320,1
7321,3
7322,1
7323,2
7324,1
7325,1
7326,1
7327,1
7328,1
7329,1
7330,3
7331,3
7332,3
7333,2
7334,1
7335,3
7336,1
7337,1
7338,2
7339,1
7340,2
7341,1
7342,3
7343,3
7344,1
7345,1
7346,1
7347,1
7348,2
7349,1
7350,1
7351,1
7352,1
7353,1
7354,2
7355,1
7356,3
7357,2
7358,1
7359,2
7360,3
7361,2
7362,3
7363,1
7364,1
7365,1
7366,2
7367,1
7368,1
7369,1
7370,1
7371,1
7372,1
7373,3
7374,1
7375,1
7376,3
7377,2
7378,3
7379,1
7380,1
7381,3
7382,3
7383,1
7384,3
7385,1
7386,3
7387,1
7388,3
7389,1
7390,3
7391,1
7392,1
7393,1
7394,3
7395,3
7396,3
7397,3
7398,1
7399,1
7400,1
7401,2
7402,2
7403,3
7404,2
7405,3
7406,1
7407,3
7408,1
7409,1
7410,1
7411,2
7412,1
7413,1
7414,3
7415,1
7416,1
7417,1
7418,1
7419,1
7420,2
7421,2
7422,1
7423,2
7424,2
7425,1
7426,2
7427,3
7428,1
7429,1
7430,1
7431,3
7432,1
7433,1
7434,3
7435,1
7436,2
7437,1
7438,3
7439,1
7440,1
7441,1
7442,1
7443,3
7444,1
7445,1
7446,1
7447,1
7448,1
7449,1
7450,1
7451,1
7452,1
7453,1
7454,1
7455,3
7456,1
7457,1
7458,1
7459,3
7460,1
7461,1
7462,2
7463,1
7464,1
7465,3
7466,1
7467,1
7468,1
7469,3
7470,2
7471,1
7472,1
7473,2
7474,1
7475,1
7476,1
7477,1
7478,1
7479,1
7480,1
7481,3
7482,1
7483,3
7484,2
7485,3
7486,1
7487,3
7488,1
7489,1
7490,1
7491,1
7492,1
7493,2
7494,3
7495,1
7496,3
7497,2
7498,2
7499,3
7500,3
7501,1
7502,1
7503,2
7504,1
7505,3
7506,1
7507,3
7508,2
7509,1
7510,2
7511,3
7512,1
7513,2
7514,1
7515,1
7516,3
7517,1
7518,3
7519,1
7520,3
7521,3
7522,3
7523,3
7524,1
7525,1
7526,3
7527,1
7528,1
7529,1
7530,2
7531,2
7532,1
7533,1
7534,1
7535,3
7536,1
7537,2
7538,1
7539,1
7540,3
7541,1
7542,2
7543,1
7544,2
7545,2
7546,2
7547,3
7548,1
7549,2
7550,1
7551,2
7552,1
7553,2
7554,1
7555,2
7556,1
7557,3
7558,1
7559,3
7560,3
7561,1
7562,1
7563,3
7564,1
7565,1
7566,2
7567,1
7568,1
7569,1
7570,1
7571,3
7572,2
7573,2
7574,3
7575,3
7576,1
7577,1
7578,1
7579,1
7580,1
7581,1
7582,3
7583,1
7584,1
7585,2
7586,1
7587,3
7588,1
7589,1
7590,2
7591,3
7592,1
7593,2
7594,1
7595,1
7596,1
7597,3
7598,3
7599,3
7600,1
7601,1
7602,1
7603,3
7604,1
7605,1
7606,1
7607,1
7608,1
7609,1
7610,2
7611,1
7612,1
7613,1
7614,3
7615,1
7616,2
7617,1
7618,2
7619,3
7620,2
7621,1
7622,3
7623,3
7624,1
7625,1
7626,1
7627,2
7628,1
7629,2
7630,2
7631,1
7632,1
7633,1
7634,1
7635,3
7636,1
7637,1
7638,1
7639,1
7640,1
7641,1
7642,1
7643,3
7644,1
7645,3
7646,1
7647,1
7648,3
7649,1
7650,1
7651,1
7652,2
7653,3
7654,1
7655,1
7656,1
7657,2
7658,3
7659,1
7660,3
7661,2
7662,1
7663,1
7664,1
7665,1
7666,2
7667,2
7668,1
7669,1
7670,3
7671,1
7672,2
7673,1
7674,3
7675,3
7676,1
7677,3
7678,2
7679,2
7680,1
7681,1
7682,2
7683,3
7684,1
7685,1
7686,2
7687,1
7688,1
7689,2
7690,2
7691,3
7692,1
7693,1
7694,1
7695,1
7696,1
7697,1
7698,3
7699,2
7700,3
7701,3
7702,1
7703,2
7704,1
7705,1
7706,1
7707,1
7708,1
7709,1
7710,1
7711,2
7712,1
7713,1
7714,2
7715,2
7716,1
7717,1
7718,2
7719,2
7720,1
7721,2
7722,2
7723,2
7724,1
7725,3
7726,2
7727,1
7728,1
7729,2
7730,1
7731,1
7732,3
7733,3
7734,1
7735,2
7736,2
7737,1
7738,3
7739,1
7740,3
7741,1
7742,2
7743,3
7744,3
7745,3
7746,1
7747,1
7748,3
7749,1
7750,1
7751,2
7752,3
7753,2
7754,1
7755,1
7756,2
7757,1
7758,1
7759,1
7760,2
7761,2
7762,1
7763,3
7764,2
7765,2
7766,1
7767,1
7768,2
7769,3
7770,1
7771,1
7772,3
7773,3
7774,2
7775,2
7776,3
7777,3
7778,3
7779,3
7780,1
7781,2
7782,3
7783,1
7784,3
7785,3
7786,1
7787,3
7788,3
7789,2
7790,3
7791,1
7792,1
7793,1
7794,1
7795,1
7796,1
7797,1
7798,1
7799,1
7800,1
7801,2
7802,3
7803,2
7804,2
7805,3
7806,1
7807,1
7808,1
7809,1
7810,3
7811,3
7812,2
7813,1
7814,1
7815,2
7816,1
7817,3
7818,1
7819,1
7820,1
7821,3
7822,1
7823,1
7824,1
7825,3
7826,1
7827,2
7828,3
7829,2
7830,1
7831,2
7832,3
7833,2
7834,1
7835,2
7836,3
7837,1
7838,1
7839,1
7840,1
7841,1
7842,1
7843,3
7844,1
7845,1
7846,1
7847,3
7848,3
7849,1
7850,2
7851,1
7852,2
7853,1
7854,1
7855,1
7856,1
7857,1
7858,3
7859,1
7860,1
7861,1
7862,1
7863,1
7864,1
7865,1
7866,1
7867,2
7868,1
7869,1
7870,1
7871,1
7872,2
7873,1
7874,2
7875,1
7876,3
7877,1
7878,3
7879,1
7880,1
7881,1
7882,2
7883,1
7884,3
7885,1
7886,1
7887,1
7888,3
7889,1
7890,1
7891,1
7892,1
7893,2
7894,1
7895,1
7896,1
7897,3
7898,1
7899,1
7900,2
7901,1
7902,1
7903,1
7904,2
7905,1
7906,1
7907,1
7908,2
7909,3
7910,2
7911,3
7912,3
7913,1
7914,1
7915,2
7916,3
7917,2
7918,1
7919,1
7920,3
7921,1
7922,3
7923,1
7924,2
7925,3
7926,1
7927,1
7928,2
7929,1
7930,1
7931,3
7932,2
7933,2
7934,1
7935,1
7936,2
7937,3
7938,1
7939,1
7940,2
7941,2
7942,1
7943,1
7944,3
7945,2
7946,1
7947,1
7948,1
7949,1
7950,1
7951,3
7952,2
7953,1
7954,1
7955,1
7956,1
7957,1
7958,1
7959,2
7960,1
7961,3
7962,1
7963,1
7964,2
7965,1
7966,2
7967,1
7968,3
7969,3
7970,1
7971,2
7972,1
7973,3
7974,3
7975,3
7976,2
7977,1
7978,2
7979,3
7980,2
7981,1
7982,1
7983,3
7984,1
7985,1
7986,3
7987,3
7988,1
7989,1
7990,3
7991,3
7992,1
7993,1
7994,1
7995,2
7996,3
7997,3
7998,3
7999,3
8000,1
8001,3
8002,3
8003,3
8004,1
8005,2
8006,3
8007,1
8008,1
8009,2
8010,1
8011,2
8012,1
8013,3
8014,2
8015,1
8016,3
8017,3
8018,1
8019,1
8020,1
8021,1
8022,1
8023,3
8024,1
8025,3
8026,1
8027,1
8028,2
8029,2
8030,1
8031,3
8032,1
8033,1
8034,1
8035,1
8036,1
8037,3
8038,2
8039,2
8040,3
8041,2
8042,1
8043,1
8044,1
8045,1
8046,1
8047,1
8048,3
8049,1
8050,1
8051,2
8052,1
8053,1
8054,1
8055,1
8056,1
8057,1
8058,3
8059,1
8060,1
8061,1
8062,3
8063,3
8064,2
8065,1
8066,3
8067,1
8068,1
8069,1
8070,1
8071,1
8072,1
8073,2
8074,3
8075,2
8076,3
8077,2
8078,2
8079,1
8080,3
8081,2
8082,3
8083,1
8084,1
8085,3
8086,2
8087,3
8088,1
8089,3
8090,1
8091,1
8092,3
8093,1
8094,1
8095,1
8096,3
8097,2
8098,1
8099,1
8100,1
8101,2
8102,1
8103,1
8104,2
8105,2
8106,1
8107,2
8108,1
8109,1
8110,1
8111,3
8112,1
8113,1
8114,2
8115,2
8116,1
8117,1
8118,2
8119,1
8120,3
8121,1
8122,3
8123,1
8124,2
8125,1
8126,3
8127,3
8128,2
8129,1
8130,1
8131,3
8132,2
8133,1
8134,1
8135,1
8136,1
8137,3
8138,1
8139,1
8140,1
8141,1
8142,1
8143,1
8144,2
8145,1
8146,3
8147,1
8148,1
8149,1
8150,1
8151,3
8152,1
8153,1
8154,2
8155,3
8156,1
8157,1
8158,1
8159,3
8160,1
8161,1
8162,1
8163,2
8164,1
8165,1
8166,1
8167,2
8168,2
8169,2
8170,3
8171,1
8172,2
8173,3
8174,1
8175,3
8176,3
8177,2
8178,3
8179,1
8180,2
8181,1
8182,1
8183,3
8184,1
8185,1
8186,1
8187,3
8188,2
8189,1
8190,1
8191,1
8192,1
8193,2
8194,1
8195,3
8196,1
8197,3
8198,1
8199,1
8200,3
8201,1
8202,1
8203,2
8204,1
8205,3
8206,2
8207,1
8208,1
8209,1
8210,3
8211,3
8212,2
8213,2
8214,1
8215,1
8216,1
8217,1
8218,1
8219,1
8220,1
8221,3
8222,1
8223,1
8224,2
8225,1
8226,3
8227,1
8228,1
8229,3
8230,3
8231,1
8232,2
8233,2
8234,1
8235,1
8236,2
8237,1
8238,2
8239,3
8240,2
8241,1
8242,1
8243,1
8244,3
8245,3
8246,1
8247,1
8248,3
8249,1
8250,2
8251,1
8252,1
8253,1
8254,1
8255,3
8256,1
8257,1
8258,2
8259,3
8260,1
8261,1
8262,1
8263,1
8264,1
8265,1
8266,1
8267,1
8268,1
8269,1
8270,3
8271,3
8272,1
8273,2
8274,1
8275,2
8276,1
8277,1
8278,3
8279,2
8280,2
8281,1
8282,3
8283,1
8284,1
8285,2
8286,2
8287,3
8288,1
8289,1
8290,2
8291,3
8292,1
8293,1
8294,1
8295,2
8296,3
8297,1
8298,1
8299,2
8300,3
8301,1
8302,3
8303,1
8304,2
8305,1
8306,1
8307,3
8308,3
8309,1
8310,1
8311,1
8312,1
8313,2
8314,1
8315,3
8316,1
8317,2
8318,1
8319,1
8320,3
8321,1
8322,2
8323,1
8324,1
8325,1
8326,1
8327,3
8328,1
8329,1
8330,3
8331,2
8332,3
8333,3
8334,3
8335,2
8336,1
8337,3
8338,1
8339,1
8340,1
8341,1
8342,1
8343,1
8344,1
8345,1
8346,1
8347,1
8348,3
8349,2
8350,1
8351,1
8352,3
8353,2
8354,1
8355,3
8356,3
8357,3
8358,2
8359,1
8360,2
8361,2
8362,2
8363,3
8364,1
8365,1
8366,1
8367,1
8368,1
8369,3
8370,3
8371,1
8372,2
8373,3
8374,1
8375,2
8376,1
8377,2
8378,3
8379,1
8380,2
8381,3
8382,2
8383,1
8384,1
8385,1
8386,1
8387,2
8388,2
8389,1
8390,3
8391,1
8392,1
8393,3
8394,2
8395,2
8396,1
8397,3
8398,1
8399,3
8400,3
8401,1
8402,2
8403,1
8404,3
8405,1
8406,1
8407,2
8408,1
8409,3
8410,3
8411,2
8412,1
8413,1
8414,2
8415,1
8416,3
8417,3
8418,3
8419,1
8420,3
8421,3
8422,1
8423,1
8424,2
8425,1
8426,3
8427,3
8428,1
8429,1
8430,3
8431,3
8432,1
8433,3
8434,3
8435,3
8436,1
8437,2
8438,1
8439,2
8440,1
8441,3
8442,1
8443,3
8444,2
8445,2
8446,1
8447,1
8448,1
8449,3
8450,1
8451,1
8452,1
8453,3
8454,2
8455,2
8456,1
8457,1
8458,1
8459,3
8460,1
8461,2
8462,1
8463,1
8464,3
8465,1
8466,1
8467,1
8468,1
8469,1
8470,3
8471,1
8472,1
8473,1
8474,1
8475,1
8476,3
8477,1
8478,3
8479,1
8480,1
8481,1
8482,1
8483,2
8484,3
8485,3
8486,1
8487,1
8488,3
8489,1
8490,3
8491,2
8492,1
8493,1
8494,1
8495,2
8496,2
8497,1
8498,1
8499,1
8500,1
8501,1
8502,2
8503,3
8504,1
8505,1
8506,1
8507,2
8508,3
8509,1
8510,3
8511,1
8512,2
8513,1
8514,1
8515,2
8516,3
8517,2
8518,1
8519,3
8520,1
8521,1
8522,3
8523,1
8524,3
8525,1
8526,3
8527,2
8528,1
8529,3
8530,1
8531,2
8532,2
8533,1
8534,3
8535,2
8536,1
8537,1
8538,1
8539,3
8540,1
8541,1
8542,2
8543,2
8544,2
8545,1
8546,1
8547,1
8548,1
8549,2
8550,3
8551,2
8552,3
8553,1
8554,1
8555,1
8556,1
8557,3
8558,3
8559,3
8560,3
8561,2
8562,2
8563,3
8564,1
8565,3
8566,1
8567,3
8568,3
8569,1
8570,1
8571,3
8572,2
8573,1
8574,1
8575,3
8576,2
8577,1
8578,2
8579,3
8580,1
8581,1
8582,1
8583,2
8584,1
8585,1
8586,1
8587,1
8588,1
8589,1
8590,2
8591,1
8592,3
8593,3
8594,1
8595,3
8596,3
8597,1
8598,3
8599,2
8600,2
8601,3
8602,1
8603,1
8604,3
8605,1
8606,1
8607,1
8608,1
8609,1
8610,1
8611,2
8612,1
8613,3
8614,1
8615,1
8616,1
8617,1
8618,1
8619,1
8620,3
8621,2
8622,2
8623,1
8624,3
8625,2
8626,1
8627,1
8628,2
8629,1
8630,3
8631,1
8632,3
8633,2
8634,2
8635,1
8636,3
8637,3
8638,1
8639,2
8640,1
8641,3
8642,3
8643,2
8644,1
8645,3
8646,3
8647,2
8648,2
8649,2
8650,1
8651,3
8652,1
8653,3
8654,1
8655,2
8656,1
8657,1
8658,1
8659,2
8660,1
8661,3
8662,1
8663,1
8664,1
8665,1
8666,3
8667,3
8668,3
8669,3
8670,1
8671,1
8672,3
8673,1
8674,1
8675,3
8676,1
8677,1
8678,1
8679,2
8680,3
8681,1
8682,2
8683,1
8684,2
8685,3
8686,1
8687,1
8688,1
8689,1
8690,1
8691,1
8692,3
8693,1
8694,1
8695,3
8696,2
8697,2
8698,1
8699,3
8700,1
8701,3
8702,2
8703,1
8704,1
8705,2
8706,3
8707,2
8708,1
8709,2
8710,1
8711,3
8712,3
8713,1
8714,1
8715,2
8716,3
8717,1
8718,1
8719,1
8720,1
8721,3
8722,1
8723,1
8724,1
8725,2
8726,2
8727,1
8728,2
8729,2
8730,2
8731,1
8732,3
8733,3
8734,1
8735,2
8736,3
8737,1
8738,1
8739,1
8740,1
8741,3
8742,1
8743,2
8744,1
8745,2
8746,1
8747,3
8748,2
8749,1
8750,1
8751,3
8752,2
8753,3
8754,1
8755,1
8756,1
8757,1
8758,1
8759,2
8760,1
8761,3
8762,1
8763,1
8764,1
8765,1
8766,1
8767,2
8768,1
8769,3
8770,3
8771,2
8772,1
8773,3
8774,1
8775,3
8776,3
8777,3
8778,1
8779,3
8780,1
8781,1
8782,3
8783,1
8784,1
8785,1
8786,3
8787,3
8788,1
8789,1
8790,3
8791,1
8792,1
8793,3
8794,1
8795,2
8796,2
8797,1
8798,1
8799,1
8800,3
8801,1
8802,1
8803,1
8804,3
8805,1
8806,2
8807,3
8808,3
8809,3
8810,1
8811,1
8812,2
8813,3
8814,3
8815,1
8816,2
8817,3
8818,1
8819,1
8820,1
8821,3
8822,1
8823,1
8824,1
8825,1
8826,1
8827,1
8828,1
8829,1
8830,1
8831,1
8832,1
8833,2
8834,3
8835,1
8836,2
8837,1
8838,1
8839,1
8840,2
8841,2
8842,1
8843,3
8844,2
8845,1
8846,2
8847,2
8848,3
8849,3
8850,1
8851,1
8852,2
8853,1
8854,1
8855,1
8856,1
8857,3
8858,3
8859,1
8860,2
8861,1
8862,1
8863,2
8864,2
8865,3
8866,1
8867,3
8868,3
8869,3
8870,3
8871,3
8872,3
8873,1
8874,1
8875,3
8876,3
8877,1
8878,1
8879,2
8880,3
8881,1
8882,3
8883,1
8884,1
8885,1
8886,1
8887,3
8888,2
8889,2
8890,3
8891,1
8892,2
8893,3
8894,2
8895,1
8896,3
8897,2
8898,3
8899,1
8900,2
8901,3
8902,1
8903,1
8904,2
8905,1
8906,1
8907,1
8908,2
8909,2
8910,1
8911,2
8912,2
8913,1
8914,3
8915,2
8916,3
8917,1
8918,1
8919,1
8920,3
8921,1
8922,1
8923,3
8924,3
8925,1
8926,1
8927,1
8928,1
8929,1
8930,1
8931,1
8932,2
8933,3
8934,2
8935,2
8936,1
8937,3
8938,3
8939,2
8940,1
8941,1
8942,2
8943,1
8944,2
8945,1
8946,1
8947,3
8948,2
8949,2
8950,1
8951,3
8952,3
8953,2
8954,1
8955,3
8956,1
8957,2
8958,1
8959,2
8960,1
8961,1
8962,3
8963,1
8964,1
8965,2
8966,2
8967,1
8968,1
8969,2
8970,1
8971,2
8972,3
8973,1
8974,3
8975,2
8976,1
8977,3
8978,2
8979,1
8980,1
8981,3
8982,1
8983,3
8984,1
8985,3
8986,1
8987,2
8988,1
8989,2
8990,1
8991,2
8992,1
8993,1
8994,1
8995,2
8996,2
8997,2
8998,2
8999,1
9000,1
9001,1
9002,2
9003,1
9004,1
9005,2
9006,3
9007,1
9008,1
9009,1
9010,2
9011,2
9012,1
9013,3
9014,1
9015,1
9016,1
9017,1
9018,3
9019,1
9020,1
9021,2
9022,1
9023,1
9024,1
9025,2
9026,3
9027,1
9028,3
9029,1
9030,2
9031,1
9032,1
9033,1
9034,1
9035,1
9036,3
9037,1
9038,1
9039,1
9040,1
9041,1
9042,2
9043,1
9044,3
9045,2
9046,3
9047,1
9048,1
9049,1
9050,3
9051,2
9052,1
9053,2
9054,3
9055,3
9056,2
9057,2
9058,3
9059,2
9060,1
9061,1
9062,2
9063,1
9064,2
9065,2
9066,2
9067,2
9068,2
9069,1
9070,1
9071,3
9072,1
9073,1
9074,1
9075,2
9076,1
9077,1
9078,1
9079,1
9080,1
9081,1
9082,2
9083,2
9084,1
9085,1
9086,1
9087,1
9088,1
9089,1
9090,1
9091,2
9092,1
9093,3
9094,3
9095,2
9096,1
9097,1
9098,1
9099,1
9100,1
9101,3
9102,2
9103,1
9104,2
9105,2
9106,1
9107,3
9108,2
9109,2
9110,1
9111,2
9112,1
9113,1
9114,2
9115,3
9116,1
9117,3
9118,2
9119,1
9120,1
9121,1
9122,1
9123,2
9124,1
9125,1
9126,1
9127,1
9128,1
9129,3
9130,2
9131,1
9132,1
9133,1
9134,3
9135,3
9136,1
9137,1
9138,1
9139,1
9140,3
9141,2
9142,3
9143,3
9144,2
9145,2
9146,1
9147,1
9148,3
9149,1
9150,1
9151,1
9152,1
9153,2
9154,2
9155,1
9156,1
9157,3
9158,1
9159,2
9160,3
9161,3
9162,2
9163,1
9164,3
9165,1
9166,3
9167,1
9168,1
9169,3
9170,1
9171,1
9172,1
9173,1
9174,3
9175,1
9176,1
9177,3
9178,3
9179,1
9180,1
9181,1
9182,3
9183,3
9184,3
9185,3
9186,1
9187,1
9188,1
9189,3
9190,2
9191,2
9192,1
9193,1
9194,3
9195,1
9196,1
9197,1
9198,1
9199,2
9200,1
9201,1
9202,2
9203,1
9204,3
9205,1
9206,1
9207,3
9208,2
9209,2
9210,1
9211,1
9212,1
9213,3
9214,1
9215,2
9216,2
9217,1
9218,1
9219,1
9220,1
9221,1
9222,1
9223,1
9224,2
9225,1
9226,1
9227,1
9228,1
9229,3
9230,2
9231,1
9232,1
9233,2
9234,2
9235,1
9236,1
9237,1
9238,1
9239,1
9240,1
9241,1
9242,1
9243,1
9244,3
9245,1
9246,3
9247,2
9248,1
9249,2
9250,3
9251,2
9252,3
9253,2
9254,1
9255,3
9256,3
9257,2
9258,1
9259,3
9260,1
9261,3
9262,3
9263,1
9264,1
9265,1
9266,1
9267,1
9268,1
9269,3
9270,3
9271,2
9272,2
9273,1
9274,1
9275,3
9276,1
9277,1
9278,2
9279,1
9280,1
9281,2
9282,3
9283,3
9284,3
9285,2
9286,2
9287,2
9288,1
9289,3
9290,2
9291,1
9292,3
9293,1
9294,1
9295,2
9296,3
9297,3
9298,1
9299,3
9300,2
9301,3
9302,3
9303,3
9304,1
9305,1
9306,3
9307,1
9308,1
9309,1
9310,3
9311,1
9312,1
9313,1
9314,3
9315,3
9316,3
9317,1
9318,1
9319,3
9320,1
9321,1
9322,2
9323,1
9324,3
9325,3
9326,2
9327,1
9328,2
9329,1
9330,3
9331,2
9332,1
9333,1
9334,1
9335,1
9336,1
9337,1
9338,1
9339,1
9340,2
9341,1
9342,3
9343,1
9344,3
9345,3
9346,1
9347,3
9348,1
9349,1
9350,1
9351,3
9352,1
9353,3
9354,2
9355,1
9356,1
9357,3
9358,1
9359,1
9360,1
9361,1
9362,3
9363,3
9364,2
9365,1
9366,3
9367,2
9368,3
9369,3
9370,3
9371,1
9372,1
9373,2
9374,3
9375,2
9376,3
9377,3
9378,2
9379,2
9380,1
9381,1
9382,1
9383,2
9384,1
9385,1
9386,3
9387,2
9388,1
9389,1
9390,1
9391,1
9392,3
9393,2
9394,1
9395,2
9396,1
9397,1
9398,1
9399,3
9400,1
9401,1
9402,3
9403,3
9404,1
9405,1
9406,1
9407,1
9408,1
9409,1
9410,2
9411,1
9412,1
9413,1
9414,3
9415,3
9416,1
9417,1
9418,1
9419,1
9420,1
9421,1
9422,1
9423,3
9424,1
9425,1
9426,1
9427,1
9428,1
9429,1
9430,1
9431,1
9432,1
9433,1
9434,1
9435,1
9436,2
9437,1
9438,1
9439,3
9440,1
9441,3
9442,3
9443,3
9444,1
9445,3
9446,1
9447,1
9448,1
9449,1
9450,1
9451,3
9452,3
9453,3
9454,3
9455,1
9456,2
9457,1
9458,3
9459,1
9460,3
9461,2
9462,3
9463,1
9464,3
9465,2
9466,1
9467,1
9468,1
9469,3
9470,3
9471,1
9472,3
9473,3
9474,3
9475,1
9476,3
9477,3
9478,3
9479,2
9480,3
9481,1
9482,1
9483,3
9484,1
9485,1
9486,1
9487,3
9488,2
9489,3
9490,2
9491,1
9492,3
9493,1
9494,3
9495,3
9496,3
9497,1
9498,1
9499,1
9500,1
9501,1
9502,1
9503,3
9504,1
9505,1
9506,2
9507,1
9508,3
9509,3
9510,2
9511,1
9512,2
9513,1
9514,1
9515,2
9516,2
9517,1
9518,2
9519,1
9520,3
9521,1
9522,2
9523,2
9524,1
9525,3
9526,1
9527,2
9528,1
9529,2
9530,1
9531,2
9532,1
9533,3
9534,2
9535,1
9536,2
9537,2
9538,2
9539,2
9540,1
9541,1
9542,1
9543,2
9544,3
9545,1
9546,1
9547,1
9548,1
9549,1
9550,1
9551,3
9552,1
9553,2
9554,2
9555,1
9556,3
9557,1
9558,1
9559,2
9560,2
9561,1
9562,3
9563,3
9564,3
9565,1
9566,3
9567,2
9568,1
9569,2
9570,1
9571,1
9572,1
9573,2
9574,3
9575,3
9576,1
9577,2
9578,3
9579,2
9580,1
9581,1
9582,1
9583,1
9584,2
9585,1
9586,1
9587,1
9588,1
9589,1
9590,1
9591,1
9592,1
9593,1
9594,2
9595,1
9596,1
9597,1
9598,3
9599,3
9600,1
9601,3
9602,1
9603,1
9604,1
9605,2
9606,3
9607,1
9608,1
9609,1
9610,1
9611,1
9612,1
9613,3
9614,1
9615,1
9616,2
9617,2
9618,3
9619,3
9620,1
9621,1
9622,1
9623,2
9624,2
9625,2
9626,2
9627,1
9628,2
9629,2
9630,1
9631,1
9632,1
9633,1
9634,3
9635,1
9636,3
9637,1
9638,1
9639,2
9640,1
9641,2
9642,1
9643,1
9644,1
9645,2
9646,1
9647,1
9648,3
9649,2
9650,2
9651,2
9652,2
9653,1
9654,3
9655,1
9656,3
9657,2
9658,1
9659,2
9660,1
9661,1
9662,2
9663,1
9664,1
9665,1
9666,1
9667,1
9668,1
9669,2
9670,1
9671,2
9672,1
9673,1
9674,1
9675,3
9676,3
9677,1
9678,3
9679,1
9680,3
9681,2
9682,1
9683,1
9684,3
9685,2
9686,2
9687,2
9688,2
9689,3
9690,3
9691,2
9692,1
9693,1
9694,1
9695,3
9696,1
9697,1
9698,1
9699,2
9700,3
9701,2
9702,1
9703,3
9704,1
9705,1
9706,3
9707,3
9708,2
9709,2
9710,2
9711,2
9712,1
9713,1
9714,3
9715,3
9716,3
9717,2
9718,2
9719,1
9720,1
9721,1
9722,1
9723,3
9724,1
9725,3
9726,1
9727,1
9728,1
9729,3
9730,3
9731,1
9732,2
9733,2
9734,1
9735,1
9736,1
9737,3
9738,1
9739,2
9740,1
9741,3
9742,1
9743,3
9744,3
9745,3
9746,3
9747,1
9748,3
9749,2
9750,1
9751,1
9752,3
9753,1
9754,1
9755,3
9756,3
9757,1
9758,1
9759,1
9760,1
9761,2
9762,1
9763,3
9764,3
9765,1
9766,3
9767,1
9768,1
9769,3
9770,1
9771,1
9772,3
9773,3
9774,3
9775,1
9776,1
9777,1
9778,3
9779,2
9780,1
9781,1
9782,3
9783,1
9784,1
9785,1
9786,2
9787,3
9788,2
9789,1
9790,3
9791,1
9792,3
9793,1
9794,1
9795,1
9796,1
9797,1
9798,1
9799,2
9800,2
9801,1
9802,3
9803,3
9804,3
9805,3
9806,1
9807,2
9808,2
9809,3
9810,1
9811,2
9812,3
9813,1
9814,1
9815,3
9816,3
9817,1
9818,1
9819,1
9820,1
9821,2
9822,2
9823,3
9824,1
9825,1
9826,2
9827,2
9828,1
9829,2
9830,1
9831,2
9832,3
9833,1
9834,1
9835,3
9836,1
9837,1
9838,1
9839,1
9840,1
9841,1
9842,1
9843,2
9844,3
9845,1
9846,2
9847,1
9848,1
9849,1
9850,1
9851,2
9852,1
9853,1
9854,2
9855,3
9856,2
9857,3
9858,1
9859,1
9860,1
9861,2
9862,1
9863,3
9864,1
9865,2
9866,2
9867,1
9868,1
9869,2
9870,1
9871,1
9872,1
9873,1
9874,2
9875,1
9876,2
9877,1
9878,2
9879,2
9880,1
9881,1
9882,1
9883,1
9884,1
9885,3
9886,1
9887,1
9888,2
9889,1
9890,1
9891,2
9892,2
9893,2
9894,1
9895,1
9896,1
9897,1
9898,3
9899,3
9900,3
9901,1
9902,1
9903,1
9904,1
9905,3
9906,1
9907,3
9908,3
9909,1
9910,3
9911,2
9912,2
9913,1
9914,3
9915,3
9916,1
9917,1
9918,3
9919,3
9920,1
9921,3
9922,1
9923,1
9924,3
9925,1
9926,2
9927,1
9928,1
9929,1
9930,2
9931,3
9932,2
9933,2
9934,3
9935,1
9936,2
9937,1
9938,3
9939,1
9940,1
9941,1
9942,3
9943,1
9944,2
9945,3
9946,1
9947,1
9948,2
9949,2
9950,1
9951,1
9952,1
9953,1
9954,1
9955,3
9956,2
9957,1
9958,2
9959,1
9960,1
9961,1
9962,3
9963,3
9964,3
9965,1
9966,1
9967,3
9968,1
9969,1
9970,3
9971,1
9972,1
9973,1
9974,3
9975,2
9976,1
9977,1
9978,1
9979,3
9980,1
9981,1
9982,2
9983,3
9984,2
9985,3
9986,3
9987,1
9988,2
9989,1
9990,3
9991,1
9992,3
9993,1
9994,1
9995,3
9996,2
9997,2
9998,1
9999,3
10000,1
